ID,Timestamp,Written_by,Text
751,"2016-01-02 05:05:09","Sveinung","Hei Odd!\n\nKan hende det blir noe Ascona-kjøring, utover det ingen planer. Var påmeldt Romjulsrally da det hadde passet tidsmessig, men ble jo avlyst desverre.","85.165.96.64",0
750,"2015-12-22 14:30:22","odd lmpreza","GOD JUL OG GODTNYTTÅR","62.16.149.100",0
749,"2015-12-14 14:50:35","odd impreza","Hei sveinung,noe neste år,roger er tilbake ?","62.16.149.100",0
748,"2015-07-27 16:23:35","odd impreza","Hei sveinung,er du nermere noe bil,kjøring ?","62.16.149.100",0
747,"2015-06-15 07:29:51","yruouyow","Hello. excellent job. I did not expect this. This is a great story. Thanks! fdkkgecdedcd","200.123.98.82",0
746,"2015-06-13 03:16:56","Nk4Fbynxx","   September 18, 2012Sock Doc, I have a couple of quseoitns and even a couple for the guys at TRN.1) I am a 100% plant based eater, (I have been for almost four months now). I love it but it is very polarizing hearing from people like you and Michael Arstein. He is a fruitarian and is extremely healthy but he also does most of his training like you suggest, aerobically. I generally train with fat, My favorite go to product for long training runs is Pocket Fuel, a blend of almond butter mixed with a few other things. But for hard races I love tuning to Tailwind Nutrition which is a powder based carb and electrolyte drink. Would you say that I am wrong and would you suggest otherwes?2) TRN guys, you listened to this podcast and you still say you are 100% behind Tailwind now and not Vitargo anymore why the switch and why have you not heeded Dr. Gangemi's advice?","117.169.1.226",0
745,"2015-04-28 05:04:18","Sveinung","Hei Odd!\nIngenting konkret. Det bilalternativet som er realistisk ifht. kostnad drøyer ut i tid og usikkert rundt homologering. Andre R5 alternativer er for dyrt for at jeg kan gjøre det skikkelig.","81.0.156.158",0
744,"2015-04-27 14:34:29","odd lmpreza","Hei sveinung ,ikke noe kjøring enda ,eller når ?","62.16.149.100",0
743,"2015-02-05 03:37:48","Sveinung","Hei Odd!\n\nDet blir ingen storsatsing i 2015, men forhåpentligvis et par løp for å holde rattrusten unna:-)","81.0.156.158",0
742,"2015-01-06 16:20:12","odd impreza","Hei sveinong, godt nyttår,er det noe bil ,kjøring på gang ?","62.16.149.100",0
741,"2014-09-02 16:39:50","Sveinung","Hei Odd.\n\nDen som visste det... Jobber med et opplegg, men mange baller i luften som må lande riktig!","83.109.222.182",0
740,"2014-07-22 14:48:07","iwpwetiy","I actually got into this post. I located it to be fascinating and loaded with exclusive points of interest. I like to read material that makes me believe. Thank you for writing this fantastic content. ekffccekdfdf","67.21.55.123",0
739,"2014-06-10 17:30:42","odd inpreza","Blir det noe rally snart ?","62.16.149.100",0
738,"2014-05-18 23:01:26","eiroprpr","I  conceive this website   has got  some  rattling  superb  info  for everyone. Dealing with network executives is like being nibbled to death by ducks. by Eric Sevareid. ccbdacfaebbd","203.34.118.54",1
737,"2013-12-20 09:27:51","Sveinung","Hei Odd!\n\nBeklager seint svar her, en oppdatert nyhetssak er rett rundt hjørnet.","81.0.156.158",0
736,"2013-12-05 14:14:18","odd impreza","Hei gutta ,hva neste år,ny bil nytt team ?","62.16.149.100",0
735,"2013-09-22 13:34:15","R.E Ski","Gratulerer med Sølvplassen i NM !\n","212.251.176.93",0
734,"2013-09-21 03:41:48","Skjeberg fansen, på Strømstad tur.","Vi krysser fingrene, og ønsker lykke til!","46.230.189.153",0
733,"2013-09-20 03:38:06","Erlend","Lykke til gutta! Alt eller ingenting.\n","193.71.194.2",0
732,"2013-09-20 03:04:44","M.B.H","Lykke til i helga gutter. Detta går veien. ","83.184.64.32",0
731,"2013-09-17 17:31:24","R.E. Ski","Siste NM runde i år, Hedmark !\nLykke til !","62.102.164.109",0
730,"2013-09-17 14:40:15","Rune","Lykke til i helga.\ndere vinner nok NM, men må nok vente på totalseieren, den tar vi...\n;-)","195.159.177.18",0
729,"2013-09-16 14:49:25","Trond petter","Gi alt til helgen! Krysser alt som er for at dere skal vinne!","89.11.133.61",0
728,"2013-08-30 16:36:38","R.E.Ski","Lykke til på nest siste NM runde !\nRally Telemark.","2.150.40.225",0
727,"2013-08-17 18:53:07","wrc","ok, lykke til","84.208.135.244",0
726,"2013-08-14 00:31:14","Sveinung","Hei WRC!\n\nDet er ingen planer om noen WRC løp i år. Kun de to siste NM rundene står på programmet.","81.0.156.158",0
725,"2013-07-23 17:52:45","R.E Ski","Nærmer seg TelmarksRally ! Nå må det lades !","2.150.59.161",0
724,"2013-06-12 13:35:34","wrc","skal du kjøre noe i wrc i år eller neste år?\n","84.208.135.244",0
723,"2013-06-09 15:51:54","R.E. Ski","En fin Nm runde med mye folk og fint vær !\nGod stemning i skogen.\n\nGodt gjennomført av Teamet. ","62.16.157.187",0
722,"2013-06-06 13:21:18","Silje:) ","Lykke til på lørdag:D","62.16.157.187",0
721,"2013-06-06 12:26:58","R.E. Ski","Da er det snart ny NM runde !     Aurskog Høland.\n\nLykke til hele teamet !\n\nVi er på plass i Skogen.","62.16.157.187",0
720,"2013-04-27 14:36:53","sjefen","Gratulerer med vel gjennomført og økende NM ledelse.\n","176.11.17.88",0
718,"2013-04-26 08:45:27","Erlend","Lykke til i helgen gutter! Vi følger dere fra Istanbul. Kjekt med dette internettet.","176.43.30.195",0
717,"2013-04-25 13:06:35","TP","Lykke til!\n\nHåper på ny spennende duell og at det går sånn som det pleier å gå med dere på sørlandet!","83.109.196.170",0
716,"2013-04-25 01:13:25","Silje ","Lykke til på Sørlandet:) ","2.148.39.126",0
715,"2013-04-23 17:01:08","R.E Ski","Sørlandet og ny NM runde !\nLykke til hele teamet !\n","62.16.157.187",0
714,"2013-04-22 16:19:45","odd impreza","lykke til med rally i mandal ,seier ","62.16.149.100",0
713,"2013-03-02 14:25:12","MBH S.berg","gratulerer så mye med seieren i dag. vel fortjent","90.149.134.236",0
712,"2013-03-02 13:46:26","R.E. Ski","Gratulerer hele Teamet ! ","62.16.157.187",0
711,"2013-03-02 13:09:37","Silje","Gratulerer så mye med seier!!! Detta var\nvirkelig fortjent gutta:)","62.16.157.187",0
710,"2013-03-02 12:50:15","odd impreza","Gratulerer med seier.","62.16.149.100",0
709,"2013-03-02 10:28:25","Erlend","Grattis med full nm pott! ","83.109.62.153",0
708,"2013-03-02 09:12:40","TBE","Sitter å lytter på radio.... Sykt spennende før siste SS ;-)","84.202.20.107",0
707,"2013-03-02 01:28:02","MBH S.berg","lykke til i dag gutter. ","90.149.134.236",0
706,"2013-03-01 12:57:28","R.E Ski","Ny NM runde !\n\nØnsker fører, kartleser og teamet lykke til !","62.16.157.187",0
705,"2013-03-01 03:06:10","Silje ","Lykke til i morgen:)","109.179.227.16",0
704,"2013-02-02 15:59:21","Trond Petter","Veldig synd med punkteringa i dag, men dere var raskest!","176.11.54.211",0
703,"2013-02-01 18:11:30","odd impreza","lykke til imorgen 1pl.?","62.16.149.100",0
702,"2013-01-31 10:03:51","Silje","Lykke til i helga, gutter:) ","84.202.128.201",0
701,"2013-01-30 18:08:51","CHRDroXt","ijldkz","91.232.96.4",0
700,"2013-01-18 16:20:48","R.E Ski","Første NM runde !\nLykke til hele Teamet !","84.202.128.201",0
699,"2013-01-18 13:39:00","Lars Erik & Co","Lykke til i morgen, håper dere får en knallåpning på NM-sesongen!","90.149.9.83",0
698,"2013-01-18 02:53:55","Skjeberg fansen","Lykke til i helgen !","193.34.40.30",0
697,"2013-01-17 04:25:40","Silje","Håper NM-sesongen får en fin fin start på lørdag:) Lykkel til:D","148.83.132.122",0
696,"2013-01-11 18:03:45","R.E ski","Håper på en grei gjennomkjøring for dere lørdag 12.01.13.\nFår ikke håpe at Roger som nå er blitt 30 år ! ikke klarer og holde følge med i notelesningen !","84.202.128.201",0
695,"2013-01-06 23:48:07","FQCRLABQ","juolqinp","91.232.96.4",0
694,"2012-12-22 14:52:57","Silje","Ønsker hele temaet God Jul og et Godt Nyttår:)\n\nOg håper virkelig å se dere i full satsing neste år også ","95.34.23.190",0
693,"2012-12-22 05:36:56","R.E.Ski","God Jul og Godt Nyttår !\n\nHåper absolutt å se dere i farta igjen 2013 !\n","84.202.128.201",0
692,"2012-12-21 08:13:07","odd impreza","GOD JUL OG GODTNYTTÅR TIL DERE ALLE.","62.16.149.100",0
690,"2012-09-25 05:27:30","Sveinung","Takk for alle gratulasjoner :-)","158.112.84.234",0
689,"2012-09-24 16:00:56","Knut i Bakkane","Gratulerer så mye med NM-gull","80.213.72.89",0
688,"2012-09-24 07:26:32","Silje","Gratulerer med NM-GULL til begge to:) ","148.83.132.122",0
687,"2012-09-23 08:19:00","odd impreza","GRATULERER MED NM GULL","84.202.79.194",0
686,"2012-09-22 15:42:39","R.E Ski","Gratulerer Sveinung og Roger + hele serviceteamet med NM gull 2012","109.189.224.226",0
685,"2012-09-22 15:06:49","tools askim","grattis med nm gull","83.109.202.130",0
684,"2012-09-22 13:26:00","Kine","Gratulerer så mye til dere begge!!!\n","188.148.174.11",0
683,"2012-09-22 13:13:48","M B H","gratulerer så mye med nm-tittel til dere begge. utrolig moro.\nha en bra fest i kveld.\n","84.49.187.70",0
682,"2012-09-22 12:52:30","Roger","Takk... :-) Skal oppføre oss pent...","2.150.50.111",0
681,"2012-09-22 12:09:33","Lisbeth og Odd Arne ","MASSE GRATULERER. Dette er rått. Ha en god seiersfest","2.150.22.98",0
680,"2012-09-22 11:25:46","Skjeberg fansen","Ser ut som dette går veien......\nLykke til alle sammen :-)","84.212.7.118",0
679,"2012-09-22 02:20:59","M B H","lykke til i dag gutter.","84.49.187.70",0
678,"2012-09-20 12:25:41","Silje","Ønsker alle i teamet masse lykke til i NM-avslutningen:D","95.34.23.190",0
677,"2012-09-10 09:48:42","M B H","Gratulerer så mye med seieren i helga gutter. ","84.49.187.70",0
676,"2012-09-09 10:04:31","R.E Ski","Gratulerer til fører og kartleser\n+ serviceteamet !","109.189.224.226",0
675,"2012-09-08 12:24:23","Erlend","Gratulerer , god kjøring gjennom hele dagen. Nå er vel gullet halvveis i lomma....","83.109.62.153",0
674,"2012-09-08 10:49:17","Silje","Gratulerer så mye med VEL gjennomført gutter:) ","46.9.171.210",0
673,"2012-09-07 19:50:23","Erlend","Lykke til! Vi går for seier.","83.109.62.153",0
672,"2012-09-07 17:17:39","KP","Lykke til i telemark!","82.148.182.223",0
670,"2012-09-07 16:06:37","LE","Lykke til, håper dere drar det lengste strået i morgen!!!","90.149.9.88",0
671,"2012-09-07 16:06:37","LE","Lykke til, håper dere drar det lengste strået i morgen!!!","90.149.9.88",0
669,"2012-09-07 11:17:52","R.E Ski","Nest siste NM runde 2012 !\n\nLykke til hele Teamet ! Bønder og ikke Bønder !!","109.189.224.226",0
668,"2012-08-19 15:04:05","Sveinung","Sverigeturen gikk bra, dvs. at vi fikk godt utbytte i form av trening til Telemark. Har jo ikke kjørt bilen siden A.-H.Rally, så det meste dreide seg om å komme igang igjen. I begynnelsen vr det rattrust, i slutten av løpet lå vi nær tetstriden i gr.N 4wd.","88.90.96.71",0
667,"2012-08-18 15:02:10","Lars Erik","Hvordan har det gikk det i Sverige?","176.11.58.43",0
656,"2012-07-31 05:18:33","Sveinung","Hei Tore!\n\nTOOLS Norge er desverre ikke med som sponsor lengre, så nå jobbes det med å finne erstatter for 2013 sesongen.","158.112.84.234",0
481,"2012-06-11 15:03:52","Tore","Bonde??? Hva har skjedd med TOOLS??","109.179.227.70",0
480,"2012-06-04 16:31:42","M B H","Gratulere så mye med 2plassen i helga.\n\nfin turkopp dere har fått. går vel mye godt drikke i den?\n","84.49.203.225",0
479,"2012-06-02 15:35:07","Silje ","Gratulerer med 2. plassen gutter:) ","46.9.169.31",0
478,"2012-06-02 08:01:59","tools askim","fin nettside . lykke til videre i ah rally.","83.109.195.195",0
477,"2012-06-01 16:24:59","Sjefen","Lykke til i morgen....!\n","195.18.230.36",0
476,"2012-06-01 06:12:07","Silje ","Lykke til på AH i morgen:) ","148.83.132.122",0
475,"2012-05-30 01:46:33","tools askim","lykke til A-H rally.\nså på.","195.18.131.42",0
474,"2012-05-24 17:25:06","M B H","fint bilde fra gravtjern:-)","84.49.203.225",0
473,"2012-05-06 01:28:42","tools askim","gratulere gutter. kjempebra.lykke til i neste runde.","83.109.192.97",0
472,"2012-05-05 15:53:26","Skjeberg fansen :-)","Gratulerer det var moro.","84.212.7.118",0
471,"2012-05-05 15:40:15","Silje ","Gratulerer så mye gutter:) ","46.9.169.31",0
470,"2012-05-05 15:26:03","Kine ","Gratulerer så utrolig mye!!! :)","85.164.44.54",0
469,"2012-05-05 12:39:51","R.E.Ski","\n\n  GRATULERER  !!!!!!!!!!!!!!\n","2.150.48.147",0
468,"2012-05-05 12:27:41","Tor & Kari","Gratulerer!","176.11.2.136",0
467,"2012-05-05 11:59:52","Erlend","Gratulerer som ny leder(e) i NM!(Hvis jeg har regnet riktig...)","83.109.62.153",0
466,"2012-05-04 19:11:34","Bakken","Fortsett i samme tempo Lørdag........... :-))))","46.9.170.83",0
465,"2012-05-04 17:51:33","Sjefen","Veldig bra åpning.\nLykke til videre i helga!!\n","195.18.230.20",0
464,"2012-05-04 14:52:09","Lars Erik","Knallåpning! -Lykke til videre i helga!","90.149.9.88",0
463,"2012-05-04 14:44:04","Skjeberg fansen :-)","Vi ønsker lykke til !!","84.212.7.118",0
462,"2012-05-04 12:43:25","Kristian","Lykke til i helga, vis hvem som er konge av sørlandet!","82.148.176.73",0
461,"2012-05-03 19:00:54","Øyvind Skoie","Vi i Tools Mandal ønsker deg lykke til i Rally Sørland.\nVi følger deg tett i helgen.\nmvh\nØyvind Skoie","84.48.104.98",0
460,"2012-05-03 14:30:57","Silje ","Masse lykke til i helga gutter:) ","46.9.169.31",0
458,"2012-04-27 22:40:01","R.E. Ski","\n Sørlandet ! Ny NM runde !\n\n Sol og varme med grill !\n\n Lykke til hele teamet !","213.236.226.3",0
455,"2012-01-28 11:02:48","tools askim","gratulerer med 2 plassen i klassen og 4 totalt.\nveldig bra gutter. fortsett slik.","83.109.199.200",0
454,"2012-01-28 01:32:55","M B H","Lykke til i helga gutter","95.34.27.23",0
453,"2012-01-27 14:37:04","R.E Ski","\nLykke til Tools Rallyteam på NM runde 2.","212.251.174.39",0
452,"2012-01-27 13:19:49","ODD IMPREZA","Lykke til på Elverum","62.97.169.253",0
451,"2012-01-24 14:55:28","tools askim","lykke til i rally elverum..\nstå på .\nvi følger med på nettet.\n","83.109.199.200",0
450,"2012-01-14 12:45:08","tools askim","gratulerer med kjempeåpning i nm. nå får vi håpe\ndere får full sesong.lykke til videre....:-)","83.109.199.200",0
449,"2012-01-14 09:32:39","To","Gratulerer!","176.11.1.62",0
448,"2012-01-14 09:20:38","Silje","Grattis med en flott start på Nm sesongen 2012:) ","95.34.169.102",0
447,"2012-01-14 09:05:55","R.E Ski","\nGratulerer !\n\nUten intercom på 2 etapper og 10 sekunder for manglende lysbruk !\nMen allikevel så beviser dere hva dere er gode for !\n\nKan ikke si annet enn Gratulerer !","2.150.16.182",0
446,"2012-01-14 08:50:26","Erlend","Grattis med knallåpning av ny NM - sesong!","88.90.180.63",0
445,"2012-01-13 12:22:43","M B H","Lykke til i helga gutter","109.189.39.99",0
444,"2012-01-13 05:25:29","R.E Ski","Godt Nyttår !\n\nØnsker hele teamet lykke til !\n\nFår jo håpe Tools ser hvordan dere profilerer Tools merket.\nHvor stor oppmerksomhet Tools bilen får rundt om på løp.\nOg ikke minst hvordan dere ligger opp i Norges toppen,\nmot blant annet mange som her kjører WRC.\nDet er jo bare helt rått !!\n\n     ","95.34.24.188",0
443,"2012-01-13 00:57:01","tools askim","vil ønske dere lykke til i helgen.\nvi følger med på nettet.\nhåper dere får kjørt full sesong.","195.18.131.42",0
442,"2012-01-08 14:43:52","TP","Hyggelig å se dere på startlista!","176.11.1.11",0
441,"2012-01-06 01:01:26","Sveinung","Hei Trond Petter.\n\nVi venter fremdeles på avklaring rundt sponsorsituasjonen for 2012. Jeg håper inderlig at vi er på startlista til Mountain Rally innen lørdag kveld...!","158.112.84.234",0
440,"2012-01-04 14:37:08","Trond Petter","Lenge siden vi har hørt noe. Blir det S-2000 eller N4 til året?\n\nUansett så gleder vi oss til å se dere til året, lykke til!","90.149.9.82",0
439,"2012-01-03 17:57:40","Odd IMPREZA","GODT NYTTÅR .blir det noe kjøring i år ?","62.97.169.253",0
438,"2011-12-14 10:59:11","Silje ","Ønsker alle i Tools rallyteam god jul og et godt nyttår:) ","95.34.169.102",0
437,"2011-12-13 13:42:11","tools askim","ønsker dere alle i toolsrallyteam en riktig god jul\nog et godt nyttår.\nhåper vi får følge dere i 2012 sesongen også.\nlykke til videre.","83.109.203.35",0
436,"2011-10-29 09:11:43","Rita","Tusen takk for en knall opplevelse på messa i lillestrøm i dag... Helt rått!!!!... ","81.0.183.177",0
435,"2011-10-13 14:14:17","tools askim","da er nm 2011 over og vi håper dere er med i neste sesong også.\nvi gleder oss uansett til oslo motorshow og kommer for og se på\nshow og moro med deg og petter.\nhåper også at dere er med i SEM i november.\nlykke til videre gutter. dere har et knallbra team.","83.109.198.223",0
434,"2011-10-06 07:55:38","Blokkum, politi Ski","Godt gjort! Dere hadde et tøft utgangspunkt, og i tillegg spilte flaks/uflaks inn.\nDet var jo spennende helt til slutt likevel! Håper planene lar seg gjennomføre, og at vi får se dere på samme nivå neste år.","139.117.254.76",0
433,"2011-09-23 06:37:50","R.E.Ski","Da er supporterne på vei inn i skogen på Hedmarken, vi gleder oss.  Lykke til\n\n","77.16.185.238",0
432,"2011-09-23 05:26:12","Skjeberg fansen","Lykke til i helgen, håper alt klaffer :-)\n","193.34.40.30",0
431,"2011-09-23 01:17:40","Silje","Lykke til på Hedemarken:)","2.149.48.188",0
430,"2011-09-23 01:11:46","tools askim","lykke til i siste nm runde på hedemarken.\nhåper dere finner flyten og at bilen fungerer.\nvi følger med på nettet.","195.18.131.42",0
429,"2011-09-22 18:34:50","R.E Ski","\n Da er det siste Nm runde !\n\n God tur i skogen Tools Rallyteam !\n\n ","212.251.181.36",0
428,"2011-09-06 12:09:35","tools askim","lykke til i sverige,vi prøver og følge med på nettet slik at\n vi blir oppdatert underveis.\n","83.109.200.229",0
427,"2011-09-02 17:15:07","R.E Ski","\n\n Hei !\n\nHåper dere har kommet igang etter sommeren med testing og\ntrening ! Nå venter vi bare på og kommme oss ut i skogen.\nRally radioen har fått nye batterier !\nVi satser på god stemning og godt føre på Hedmarken !","212.251.180.16",0
337,"2011-06-23 12:00:00","R.E Ski","God Sommer ! \n \n TOOLS RALLYTEAM",\nN,0
338,"2011-06-17 12:00:00","tools askim","skjekk ut diverse inboard filmer på denne linken fra \n aurskog høland 2011. \n tydlig at dere samstemte. \n http://motorsportfilmer.net/category/rally/onboard/ \n god sommer til hele tools rallyteam.",\nN,0
339,"2011-06-10 12:00:00","tools askim","vi har startet nedtellinga til rally trøgstad og gleder oss \n til løpet. \n blir kult og se den røde tools bilen flygjennom trøgstads skoger. \n LYKKE TIL.",\nN,0
340,"2011-06-06 12:00:00","Silje","Gratulerer så mye med 3. plass totalt:)",\nN,0
341,"2011-06-06 12:00:00","Silje","Gratulerer så mye med 3. plass totalt:)",\nN,0
342,"2011-06-05 12:00:00","tools askim","bra kjørt gutter. selv om jeg bomma på tastaturet igår. \n 3 totalt er KJEMPE BRA :-)",\nN,0
343,"2011-06-04 12:00:00","tools askim","gratulerer med 2 totalt ",\nN,0
344,"2011-06-04 12:00:00","Tore","Nå har vi vært på Aurskog og sett dere live, makan til imponerende kjøring! \n Sitter nå foran PC'n og følger sekund striden med Østberg på siste SS;) \n Takk for en super oplevelse, igjen imponerende kjøring,stå på! \n Hilsen fra stolt bror m/fam. ",\nN,0
345,"2011-06-03 12:00:00","Silje","Lykke til i morgen:P",\nN,0
346,"2011-06-03 12:00:00","R.E Ski","\n Lykke til på Aurskog/Hørland  ! \n \n ",\nN,0
347,"2011-06-02 12:00:00","Sjefen","Lykketil i helga!!",\nN,0
348,"2011-06-01 12:00:00","tools askim","lykke til på bjørkelangen. \n vi følger live dene gangen. \n vi stikker nok innom service også. ",\nN,0
349,"2011-05-14 12:00:00","Fansen i Skjeberg","Lykke til i Latvia. \n ",\nN,0
350,"2011-05-12 12:00:00","Silje","Ønsker hele teamet lykke til i Latvia. Bevis for utlendingene at Norge har mange gode talenter:) \n \n \n LYKKE TIL TOOLSRALLYTEAM:)",\nN,0
351,"2011-05-11 12:00:00","R.E Ski","God tur nedover.Håper det går som på Sørlandet + en plass \n høyere opp på pallen \n \n Lykke til TOOLS RALLYTEAM",\nN,0
352,"2011-05-11 12:00:00","tools askim","lykke til i latvia.nå håper vi tools gutta viser \n utlendinga hvordan det skal kjøres.",\nN,0
353,"2011-05-10 12:00:00","Thorleif","Likte Roger sin kommentar når gutta fikk litt kast på vogna...",\nN,0
354,"2011-05-02 12:00:00","R.E Ski","Flott helg i Mandal. \n Gratulerer med godt gjennomført",\nN,0
355,"2011-05-01 12:00:00","Silje","Gratulerer så mye med 2. plass totalt:) \n Var en super duper helg på det blide Sørland:) ",\nN,0
356,"2011-04-30 12:00:00","Lars Erik","Gratulerer med flott gjennomføring og annenplass!",\nN,0
357,"2011-04-30 12:00:00","tools askim","gratulerer med 2 plass totalt. \n meget bra kjørt.",\nN,0
358,"2011-04-28 12:00:00","tools askim","lykke til i rally sørland.",\nN,0
359,"2011-04-27 12:00:00","R.E Ski","Vi varmer opp! \n Ser frem mot sørlandet og fint vær ! \n \n \n Lykke til Tools Rallyteam",\nN,0
360,"2011-04-08 12:00:00","tools askim","gratulerer med dagen",\nN,0
361,"2011-04-01 12:00:00","Trond","Hva er det dere skal kjøre i helga?",\nN,0
362,"2011-03-31 12:00:00","R.E Ski","Hei ! \n \n Håper dere får en god gjennomkjøring og får testet både \n redskap og ikke minst mannskap til neste NM runde. \n \n God tur Tools Rallyteam! \n ",\nN,0
363,"2011-02-25 12:00:00","Silje","Håper dere får fiksa det.. Håper på deltagelse i morra igjen. ",\nN,0
364,"2011-02-25 12:00:00","R.E Ski","F...... og så bra utgangspunkt !! \n Men krom skuldre og bein, på'n igjen   ! \n Til dere alle, hør på Rally radion bra stemning og musikk.! ",\nN,0
365,"2011-02-25 12:00:00","tools askim","synd med gearkassa gutter.nye muligheter neste løp. \n lykke til videre til hele teamet.",\nN,0
366,"2011-02-25 12:00:00","Silje","Lykke til på Finnskogen gutter;) Håper på en super rallyhelg:)",\nN,0
367,"2011-02-24 12:00:00","R.E Ski","Ny runde for Tools Rallyteam. \n Vi følger med ! \n Lykke til ! \n \n ",\nN,0
368,"2011-02-23 12:00:00","tools askim","lykke til i rally finnskog. \n gi gass.",\nN,0
369,"2011-01-31 12:00:00","sjefen","Gratulerer som raskeste gruppe-N bil på Hadeland. Synd den nye poeng beregningen ødelegger så mye for dere. For dere er jo den raskeste i deres egentlige klasse..... \n Stå på videre!!!",\nN,0
370,"2011-01-30 12:00:00","tools askim","bra kjørt i helgen .dere er på rett vei. vi gleder oss til neste \n runde allerede.stå på videre. sees i sverige så vidt jeg skjønner.",\nN,0
371,"2011-01-30 12:00:00","Bakken","Tusen takk for at dere reddet oss med nye hjul på Rally Hadeland. \n (så slapp vi og kjøre piggfritt på de 3 siste ss :-) ",\nN,0
372,"2011-01-28 12:00:00","Skjeberg fansen","Lykke til i helgen, Hyggelig å se at dere koser dere med middag :-) \n \n Hilsen ho mor",\nN,0
373,"2011-01-27 12:00:00","R.E Ski","\n NM runde nr 2. \n Vi krysser armer og bein !! \n Lykke til !!!",\nN,0
374,"2011-01-27 12:00:00","Silje ","Ønsker masse lykke til med Rally Hadeland:) \n \n Håper på mer poeng enn i Nm starten:) ",\nN,0
375,"2011-01-27 12:00:00","tools askim","vil ønske dere lykke til i rally hadeland. \n nå begynner poengsankingen.. \n ",\nN,0
376,"2011-01-17 12:00:00","Ove Johnny Andersen","Ser ut som vi i N4 bil kan jakte på på max 16 poeng i NM rundene. \n Hvem blir beste N4 bil i neste NM runde?",\nN,0
377,"2011-01-15 12:00:00","R.E Ski","Her Er det bare og null stille klokkene og se frem over. \n Nye muligheter neste runde  !! \n Stå på !",\nN,0
378,"2011-01-15 12:00:00","tools askim","håper arrangøren retter tiden etterhvert.ser vi på tidene \n etter ss 1 så henger dere bra med.jeg tipper dere hadde \n vært på pallen. synd men sånn skjer,nye muligheter senere i \n sesongen.stå på ....( hvor mye tapte dere  3 minutter ??)",\nN,0
379,"2011-01-14 12:00:00","odd impreza","LYKKE TIL IMORGEN,SIGDAL",\nN,0
380,"2011-01-14 12:00:00","tools askim","vi gleder oss til og følge dere i 2011 sesongen. \n lykke til i sigdal",\nN,0
381,"2011-01-13 12:00:00","R.E Ski","Hei ! \n \n Endelig oppstart igjen og første NM runde ! \n \n Lykke til hele Teamet !",\nN,0
382,"2011-01-13 12:00:00","Erlend F.","Lykke til med NM-starten! ",\nN,0
383,"2011-01-01 12:00:00","Rune Jørgenstuen","Helt enig med dere i Tools.Kjempeflott den bilen og jeg vil gjerne hatt en på hylla mi",\nN,0
384,"2010-12-31 12:00:00","tools askim","den bilen må dere lage flere av og legge ut til salg. \n håper dere er i rute til nm start. \n godt nyttår og lykke til i 2011.",\nN,0
385,"2010-12-28 12:00:00","Rune Jørgenstuen","Den var jo helt grom da.Får dere skaffa en til meg også? ",\nN,0
386,"2010-12-25 12:00:00","Silje","Ønsker hele teamet God jul og godt nyttår:) ",\nN,0
387,"2010-12-23 12:00:00","odd impreza","GOD JUL OG GODTNYTT ÅR",\nN,0
388,"2010-12-20 12:00:00","R:E Ski","\n \n GOD JUL OG GODT NYTTÅR ",\nN,0
389,"2010-12-16 12:00:00","tools askim","vil ønske hele teamet god jul og godt nyttår. \n lykke til i 2011 .",\nN,0
390,"2010-12-15 12:00:00","Silje","Hei! \n \n Skal dere kjøre Romjulsrally? ",\nN,0
391,"2010-11-13 12:00:00","Sveinung","Hei TOOLS Askim! \n \n Leketøyet for voksne har jeg lakkert selv og utgangspunktet er en Traxxas E-Revo 1/16 elektrisk bil. Går vanvittig bra:-) \n \n Jeg får ikke kjørt Solberg Extreme Show i år. Rally gr.N klassen er ikke lenger med, og jeg får ikke leid annen bil heller da rallybudsjettet er tomt og vel så det for i år:-)",\nN,0
392,"2010-10-22 12:00:00","tools askim","leketøyet for voksne ser kul ut .er de for salg \n eller har dere lagd den selv.? \n håper bilen blir ferdig til helga og broom rally sprint. \n lykke til... \n blir det noe kjøring på solberg extream på dere i år ?? ",\nN,0
393,"2010-10-15 12:00:00","Sveinung","Hei Tore:-) \n \n Om dagen jobbes det med planer og budsjetter for kommende år, men helt ferie i garasjen er det ikke, da vi satser på å få rallybilen klar til Broom Rallysprint 24. oktober på Hellerudsletta. \n \n Hva det blir til neste år veit vi ikke, men det blir i alle fall kjøring:-) \n ",\nN,0
394,"2010-10-09 12:00:00","tools askim","synd at dere måtte bryte. \n det kommer nye løp... \n hva er planen fremover? \n ferie eller har dere flere løp i nær fremtid ??",\nN,0
395,"2010-10-09 12:00:00","tools askim","stå på gutter.dette tar dere igjen i løpet av dagen. \n vi tror på pallen. \n lykke til på dagens etapper.....",\nN,0
396,"2010-10-08 12:00:00","Erlend","Lykke til i Estland gutter. Avslutt et fantastisk år med et godt resultat!",\nN,0
397,"2010-10-07 12:00:00","Kristian","Lykke til i saaremaa, blir spennende å følge med!",\nN,0
398,"2010-10-06 12:00:00","Silje:)","Lykke til i Saameraa gutter..",\nN,0
399,"2010-10-05 12:00:00","tools askim","lykke til sarema rally. ",\nN,0
400,"2010-10-04 12:00:00","TOTO","Lykke til i saaremaa rally gutter! \n Går for gull der også! :)",\nN,0
401,"2010-09-25 12:00:00","bakken","Grattis Roger.....  Flink gutt    :-)",\nN,0
402,"2010-09-25 12:00:00","R.E Ski","GRATULERER !!!! \n NM GULL !!!!!!!!!!!!!!!! \n ",\nN,0
403,"2010-09-25 12:00:00","odd impreza","GRATULERER ROGER NM GULL",\nN,0
404,"2010-09-25 12:00:00","Silje:)","Gratulerer så mye med 2x nm gull i Tools bilen gutter;) \n Ble litt for spennende på slutten der... \n Kjempe flinke gutter:) \n \n Gleder meg til neste sesong!!! \n ",\nN,0
405,"2010-09-25 12:00:00","tools askim","gratulerer roger.....",\nN,0
406,"2010-09-25 12:00:00","Erik B","Gratulerer så mye med gullet Roger, vel fortjent. ",\nN,0
407,"2010-09-25 12:00:00","R.E Ski","\n Hei ! \n \n Fredag rigget vi oss til i skogen. + 2 grader og \n sludd. \n Lørdag morgen + 5,4 grader oppholdsvær på ss 3/6. \n Vi er klare ! \n Lykke til idag !! \n \n \n \n \n \n ",\nN,0
408,"2010-09-24 12:00:00","Trond Petter","Det skal bli spennende og følge dere i morgen! Det må være ekstra spennende for Roger, håper dere lykkes med dobbelt gull!!",\nN,0
409,"2010-09-24 12:00:00","tools askim","da er det dagen før alt avgjøres. \n lykke til roger.sveinung nå må du stå i ramma og gi gass. \n dere har gjort en fantastisk sesong  alle i tools rallyteam. \n GRATULERER... \n ps vi gleder oss allerede til og følge dere neste sesong.",\nN,0
410,"2010-09-24 12:00:00","Morra til Aarmo","Hei \n Det blir spennende og følge med, lykke til i morgen.",\nN,0
411,"2010-09-19 12:00:00","Silje","Gleder meg til Hedemarken og håper på dobbelt Nm gull.. \n \n Masse lykke til:)",\nN,0
412,"2010-09-04 12:00:00","tools askim","gratulerer med nok et bra løp. \n nå teller vi ned til rally hedemarken. \n dobbelt nm mesterskap hadde vært veldig gøy. \n stå på...",\nN,0
413,"2010-09-04 12:00:00","Øystein","Stå på, nå blir svenskene bak...",\nN,0
414,"2010-09-03 12:00:00","Tore Endsjø","Lykke til i morra! ",\nN,0
415,"2010-09-03 12:00:00","R.E. Ski","Hei ! \n \n Håper dere for en bra gjennomkjøring ! \n Forkjølet !!! Kun Møller's tran som gjelder ! \n \n Lykke til i sverige",\nN,0
416,"2010-09-03 12:00:00","tools askim","da er vi klare foran nettutgaven av rally radioen . \n lykke til i sverige.! \n radio trollhattan 90,6.(søk på google) logg på og følg med...",\nN,0
417,"2010-09-03 12:00:00","Lars Erik","Lykke til i Sverige, håper dere gir svenskene kamp denne gangen og!",\nN,0
418,"2010-09-01 12:00:00","Robert Bringeland Tools Astrup AS","Hei Sveinung \n \n Takk for et kjempeshow hos oss i Godvik mandag 30 august. \n Lykke til videre.",\nN,0
419,"2010-08-26 12:00:00","Trond Fretheim","Ser ut som et bra show, synd det ikke er noe i nærheten...",\nN,0
420,"2010-08-26 12:00:00","Tommy Mydland","Heisann \n \n Takker for bra show i stavanger. Og takk for hyggelig samtale med deg Sveinung. \n sjekk ut www.nmk-sj.no",\nN,0
421,"2010-08-26 12:00:00","Ernst","Kjempeshow i Stavanger 25 august, vi storkoste oss med \n rå kjøring :-)",\nN,0
422,"2010-08-24 12:00:00","Rune Jørgenstuen","Hei.Kommer dere til traktene rundt meg med Tools dagene da? Gjøvik området ? \n Håper det,såjeg får møtt dere : )",\nN,0
423,"2010-08-06 12:00:00","tools askim","hei , skal dere over i s 2000 bil ??? \n ønsker dere uansett lykke til i siste nm runde på hedemarken. \n fortsatt god sommer",\nN,0
424,"2010-08-03 12:00:00","laetitia","Good morning I am a big fan of rally  I would be very happy if you could send me new or ancient signed Post Cards of you (in several copy please) . Grips a big honour to count you in my collection. By hoping to accept your cards I wish you a good season 2010. \n My address \n Vendier Laetitia \n 16 rue principale \n 88210 le mont (France) \n \n Regards",\nN,0
425,"2010-08-03 12:00:00","Sveinung","Angående bilsalg så ser vi på litt forskjellige løsninger for neste år. Skal noe av det kunne realiseres må bilen jeg har nå, selges. Vent å se...:-)",\nN,0
334,"2010-07-28 20:39:16","odd inpreza","Selge bilen hva nå ?","62.97.169.253",0
333,"2010-07-23 09:45:03","Terje","Hei Sveinung ;)\nLykke til med resten av sesongen!\nHåper joggeskoene kan bidra til at kondisen og formen kommer ytterligere og bidrar til perfekt kjøring.\nHilsen Terje på Löplabbet","217.173.255.170",0
332,"2010-07-03 13:42:26","Silje:) ","Ønsker hele Tools teamet God sommer!!","95.34.24.54",0
331,"2010-06-19 15:37:01","tools askim","gratulerer med nok et bra løp og fin pokal.\nvi venter på blogg bilde av &quot;brua&quot; på vei hjem.\ngod sommer til hele teamet.","88.90.106.203",0
330,"2010-06-19 15:14:54","Silje:)","Flinke dere er:)\nGrattis med pokal...\n\nHilsen meg og mamma'n min...","95.34.24.54",0
329,"2010-06-19 09:15:09","Trond","Gratulerer med seieren på SS8! Flatt jern på siste!!","90.149.8.204",0
328,"2010-06-19 03:19:02","R.E Ski","\n\n   Hei !\n\n   Stram fjærene og gi gass !!!\n\n   Lykke til i Danmark.","213.236.226.3",0
327,"2010-06-18 12:54:50","Kari og Tor","Masse lykke til i morgen, vi skal følge med på nettet!!","90.149.8.204",0
326,"2010-06-17 12:18:15","Bayer","\nLykke til i helgen.....\n\nVÆR FORSIKTIGE... Husk dere reiser alene    :-))","212.251.180.125",0
325,"2010-06-17 05:51:25","Silje","Lykke til i Danmark:) ","95.34.24.54",0
324,"2010-06-14 00:29:23","tools askim","lykke til til i danmark og nez cup.\nvi følger med på nettet.","64.28.22.3",0
323,"2010-06-07 02:39:45","Kyprioten","Gratulerer med NM-gull! Du får hjelpe Roger med edelt metall på Hedemarken. ","195.14.142.65",0
322,"2010-06-06 06:44:48","R.E Ski","\n\n Gratulerer Tools rallyteam !\n Gratulerer med NM !\n ","84.202.205.60",0
321,"2010-06-05 18:26:39","Morten H H","Gratulerer med sikra NM gull! Får håpe sekretær'n får edelt metall i år også=)\nVi får legga på 2 lag med glans før hamar!","83.108.226.196",0
320,"2010-06-05 15:00:33","tools askim","gratulerer med nm gull til hele teamet.\ndette fortjente dere .\nhold treningen ved like i sommer så blir det mer og feire 25\nseptember.kartleser nm. vi håper på &quot;the dubbel&quot;","88.88.197.223",0
319,"2010-06-05 12:29:45","Camilla og Willy","Grautlerer med NM seieren. de smakte nok godt.\nDen var veldig fortjent. ","89.8.242.252",0
318,"2010-06-04 18:24:55","Bakken","Lykke til i A-H rally.\n\nAlltid gøy og se bilder på bloggen :-)","212.251.180.125",0
317,"2010-06-04 12:50:41","R.E. Ski","\n\n Hei!\n\n Knallvær, knallføre, ikke glatt!!!!!!\n\n Lykke til fra oss i skogen!","78.158.226.220",0
316,"2010-06-04 02:10:45","Kyprioten","Lykke til. Ikke tenk NM seier, den kommer uansett...he he","195.14.142.65",0
315,"2010-06-03 14:15:34","odd impreza","Hei lykke til i a-h rally ,ses,prates","62.97.169.253",0
314,"2010-06-02 13:47:42","Sveinung","Hei TOOLS Askim!\n\nDe fleste fartsprøvene i A.-H. Rally er lett tilgjengelig for publikum, kanskje spesielt de 6 første. Gi beskjed så fort dere vet hvilken service dere velger, så skal vi ordne servering i TOOLS teltet:-)","85.164.89.13",0
313,"2010-06-01 14:18:28","tools askim","noen som har noen gode tips hvor vi kan se sveinung og roger\n i fint driv under aurskog høland rally?\ntenkte på ss 2 - service - ss 6.\nandre gode tips mot tas med takk.\nmulig nm avgjøres denne helgen. det må vi få med oss.\nlykke til hele teamet dere gjør en kjempejobb både dere\ni bilen og mekanikere.dere fortjener gull i 2010 sesongen.","88.90.187.198",0
312,"2010-05-31 12:42:21","tools askim","lykke til i aurskog-høland.\nvi satser på og følge &quot;live&quot; denne gangen.","88.90.187.198",0
311,"2010-05-30 14:38:45","Silje","Ønsker lykke til i Aurskog-Høland rally. Håper på enda en\nseier til Toolsrallyteam:)","95.34.24.54",0
310,"2010-05-15 09:34:16","R.E Ski","\n Hei !\n\n Å jæklar hva næra !\n Så spennende og hvor lenge svenskene lurte på hvem\n denne Bieltvedt var og hvilken klasse han kjørte i.\n Tidene skremte nok flere av konkurentene.\n\n Nå er det Norge og NM runder !!!\n\n\n\n\n\n    ","212.251.181.150",0
309,"2010-05-15 08:27:00","silje","Det var synd med denne steinrøysa da:) Men dere fikk vel\nlitt kjøretrening...\nBedre lykke neste gang:)","212.251.181.150",0
308,"2010-05-15 08:18:47","tools askim","synd at dere røyk. dere har farten inne ihvertfall.\nreis hjem og rett bil så er dere i toppen på neste løp.\nvi gleder oss til aurskog høland og nm runde..","83.109.197.151",0
307,"2010-05-15 07:40:22","Thorleif","Det har vært spennende og imponerende å følge dere i helgen.\nBetter luck next time :-)","83.109.203.186",0
306,"2010-05-15 05:08:39","tools askim","stå på videre.synd med den &quot;steinen&quot;\n5 ss igjen..\npallen er innen rekkevidde fortsatt..:-)\n","83.109.197.151",0
305,"2010-05-14 19:00:02","Rallycalle","Va fan ni gasar grabbar...","212.251.180.125",0
304,"2010-05-14 13:41:02","Sweden ","Ni er kunger i skogen jag håller på er lykka til vinn över svenska förare jag är själv svensk ","85.228.190.97",0
303,"2010-05-14 03:24:47","Kristian","Bra start! Det er moro å vise svenskene hvem som er raskest!","82.148.182.251",0
302,"2010-05-12 06:09:48","Silje","Lykke til i Sverige:)","212.251.181.150",0
301,"2010-05-12 04:32:12","Bakken","Lykke til i helgen...   :-)","212.251.180.125",0
300,"2010-05-11 17:46:29","R.E ski","\nHei !\n\nLykke til i Sverige !","212.251.181.150",0
299,"2010-05-11 16:37:43","Trond Petter","Lykke til i Sverige!\n","90.149.8.204",0
298,"2010-05-10 13:02:23","tools askim","lykke til i south swedish rally.\nvi følger med på nettet,og håper at det denne gang\nbare er dere to som er konger i skogen.\n","83.109.197.151",0
297,"2010-05-02 12:14:33","R.E Ski","\nHar vært en spennende helg på Sørlandet !\n\nGratulerer hele Teamet ! ","212.251.181.150",0
296,"2010-05-01 15:24:23","Silje","Grattis med råbra kjøring i helga:)\nOg søndagsmiddag.. Det er ikke dårlig..\nHar vært supert og se dere på skogen..\n\nEn super rallyhelg i Mandal!","77.18.22.101",0
295,"2010-05-01 15:09:19","odd impreza","Gratulere med seier,stå på.","62.97.169.253",0
294,"2010-05-01 10:03:16","tools askim","grattis. da er dere på toppen av lista igjen.","90.227.229.38",0
293,"2010-05-01 09:47:48","Bakken","Grattis..... Faan dere er rå!","212.251.180.125",0
292,"2010-05-01 09:40:09","Kyprioten","Grattis gutta! Med edelt metall og middag i fryseboksen. ","213.7.104.92",0
291,"2010-05-01 09:37:28","bakken","Ny måte og jakte på   :-)\n","212.251.180.125",0
290,"2010-05-01 05:31:48","tools askim","lykke til videre i dag &quot;dere er jo skogens konge&quot;","90.227.229.38",0
289,"2010-04-30 15:10:20","Kyprioten","Bra åpning gutter. Men for et rot med tidene!.....Håper på bedre &quot;tider&quot; i morgen. ","213.7.104.92",0
288,"2010-04-30 05:49:25","Lars Erik","Lykke til i helgen!","217.144.254.158",0
287,"2010-04-29 17:56:02","Bakken","Ønsker hele gjengen lykke til i helgen.","212.251.180.125",0
286,"2010-04-29 04:03:05","R.E ski","\n  Hei !\n\n  Vi er i løypa igjen. Ønsker hele teamet lykke til !\n  Håper det ikke blir for mye røsking i spaken,\n  den kan fort bli for kort !\n  Kort eller lang,vi håper på NM poeng nok en gang !\n","109.189.89.161",0
285,"2010-04-28 08:32:08","Silje","Lykke til på Sørlandet...\nGleder meg kjempe mye til og se dere på skogen...","109.189.89.161",0
284,"2010-04-27 00:23:06","tools askim","lykke til i rally sørlandet.\ndenne helga tar dere tilbake ledelsen i nm.\n","64.28.22.3",0
283,"2010-04-08 14:12:06","tools askim","vi vil takke for besøket.hyggelig at du kunne komme.\nser nå at vi kanskje har glemt noe i dag.\ngratulerer med dagen.","83.109.192.15",0
282,"2010-04-08 09:42:18","Silje;)","Gratulere med dagen Sveinung!","212.17.144.230",0
280,"2010-03-06 18:41:24","R.E ski","Gratulerer hele teamet..\n Godt gjennomført, selv med kort spak igjen !","95.34.172.191",0
279,"2010-03-06 13:45:11","tools askim","grattis med nok en pall plass.\n3 plass totalt er meget bra.\nnye muligheter til og slå andreas kommer senere...:-)","83.109.195.248",0
278,"2010-03-05 08:59:22","Bakken","Lykke til i helgen....","212.251.180.125",0
277,"2010-03-04 13:09:39","tools askim","vi ønsker hele teamet lykke til  i nummedalsrallyet.\nhåper dere finner flyten fra start og at dere fortsatt topper nm klasse 2\n etter dette løpet også.:-)","83.109.195.248",0
276,"2010-03-04 05:00:52","Trond","Lykke til! Håper dere fortsetter i samme flyten som dere har vist tidligere i år. Vi gleder oss til å se på i helgen!","217.144.254.158",0
275,"2010-03-03 20:08:04","R.E Ski","Lykke til i Numedalsrally !   3. NM runde.\n\n  .Dette blir spennende.","90.149.61.193",0
274,"2010-02-21 04:49:13","Kyprioten","Grattis med god kjøring. Det er vel 3. gang du opplever kirstang-knekk. To ganger med meg hvis jeg husker riktig.","90.149.9.104",0
273,"2010-02-20 16:53:56","R.E.   Ski","God gjennomkjøring.\n Blir spennende neste Nm runde !","90.149.61.193",0
272,"2010-02-20 15:00:57","Eva & Lars Erik","Gratulerer med klasseseier!","81.29.35.143",0
271,"2010-02-20 11:12:06","tools askim","gratulerer med seier i gruppa, 2 plass totalt og de 3 ss. seierene.\ndette gikk bra selv om girstanga knakk.\nlykke til videre.","83.109.193.74",0
270,"2010-02-19 14:13:47","Silje","Lykke til i Rally Finnskogen..\nHåper dere står øverst på pallen...","90.149.61.193",0
269,"2010-02-18 16:32:06","Trond Petter","Lykke til på Finnskogen! Dere får prøve å ta med den største pokalen hjem!","90.149.9.104",0
268,"2010-02-15 11:07:24","tools askim","lykke til i rally finnskog.\nspiss formen frem mot neste nm runde.","83.109.193.74",0
267,"2010-02-13 16:32:55","R.E .Ski","Hei !\n\n Tools reiseleder team  !\n Håper det går bra i Sverige !","90.149.61.193",0
266,"2010-02-08 08:33:04","Jens","Takk for at jeg fikk være med på lørdag!\n\nSelv om jeg ble dårlig på en av fartsprøvene var det gøy å prøve seg som kartleser.\nHele teamet bidro til at dette ble en stor opplevelse.\n\nLykke til videre i sesongen!","193.181.237.1",0
265,"2010-02-06 05:24:17","Silje","Lykke til i Hokksund i dag","90.149.61.193",0
264,"2010-02-04 23:20:41","tools askim","lykke til i hokksund.","83.109.193.74",0
263,"2010-01-30 04:13:18","tools askim","hvem er kartleser i rally hokksund ?","83.109.193.74",0
262,"2010-01-25 11:46:07","mbh","gratulerer med seieren i helga gutter.\nvar moro og være tilskuer i helga.","109.189.92.204",0
261,"2010-01-25 06:30:12","Tomi","GRATULERER !","81.134.106.69",0
260,"2010-01-25 05:23:26","Vidar Kristiansen","Hei gutta!\n\nGratulerer med seieren i helga, det var utrolig moro!\nHåper virkelig resten av sesongen fortsetter i samme spor for dere!\n\nLykke til i neste racerbilkamp!!","80.213.196.4",0
259,"2010-01-24 13:25:43","tools askim","hvilke løp skal dere kjøre ?\nventer dere til til neste nm løp eller kjører dere noe andre ?\nnok en gang -gratulerer begge to.","83.109.193.74",0
258,"2010-01-24 12:54:03","Stian","Gratulerer med 3. plass totalt og klasseseier!\nDette må være gøy!\nStå på videre!!","83.109.201.112",0
257,"2010-01-24 07:18:45","R.E Ski","GRATULERER !","90.149.61.193",0
256,"2010-01-24 06:05:10","Silje","Grattis med seier gutter..\n\nStå på i de neste rundene også...\n\nKlem","90.149.61.193",0
255,"2010-01-23 14:12:13","Erik","Gratulerer med seier gutter, helt værst.","85.164.8.154",0
254,"2010-01-23 12:35:25","tools askim","gratulerer med seieren i gruppa.\nstå på videre","80.212.252.192",0
253,"2010-01-23 10:47:04","Vi i Skjeberg","Gratulerer med seieren i klassen!!\n\nFlott.","88.89.68.125",0
252,"2010-01-23 09:44:28","Bjørn M","Gratulerer med seieren!\n\nStå på videre, dette var morro!","89.8.142.38",0
251,"2010-01-23 09:15:18","Bakken","Gratulerer med seieren\n\n    Imponerende tider i dag\n\n    Stå på videre.      :-)","83.108.224.217",0
250,"2010-01-23 08:53:04","Kyprioten","Grattis! Terping på detaljer gir resultater.","213.7.104.92",0
249,"2010-01-23 05:09:59","Bakken","Sitter hjemme med rallyradioen og nettet og koser meg med\n    kald cola og sigg. Dere 17 sek foran mikkel etter ss 3,  :-)\n\n    Krysser fingrene for at flyten fortsetter utover dagen.......","83.108.224.217",0
248,"2010-01-23 03:36:16","Kyprioten","Bra åpning gutter! Sitter og formidler tider til heieagjengen på SS2/5. Så racekontroll er for tiden lokalisrt i Limassol.","213.7.104.92",0
247,"2010-01-22 15:41:02","Erik","lykke til i helga,","77.18.71.151",0
246,"2010-01-22 08:59:05","Trond","Lykke til i helgen, håper dere klår de andre...","217.144.254.158",0
245,"2010-01-22 02:58:43","Silje","Lykke til i morra.. Håper dere klarer å ta Andreas på noen prøver..\n\nKlem","212.17.144.230",0
244,"2010-01-21 17:41:12","Bakken","Nærmere dere mikkel nå.....\n  Deilig og klådd han på noen prøver   :-)\n\n   Stram wire........","83.108.224.217",0
243,"2010-01-21 15:56:38","R.E Ski","Lykke til hele teamet i Nm runde nr 2.\n\n Sko bilen godt !","90.149.47.61",0
242,"2010-01-21 13:10:23","tools askim","lykke til i mountain rally .\nfinn flyten og gi gass , denne gang vinner dere gruppe n.\nps husk panserlåser denne gang :-)","83.109.193.74",0
241,"2010-01-11 10:11:55","Håkon Ask","Gratulerer med enfin plass i sigdals rally!\n\nPs, Den pajero'n sto VELDIG godt, vi skeli sidelengs imellom to trær, så var ikke bare bare å få den opp. hehe.\n\nLykke til Videre i 2010!\n\nMvh Håkon","85.167.178.7",0
240,"2010-01-10 20:58:32","R.E Ski","Gratulerer !    Hele Teamet !\n\nSpennende sekund strid !\n\nGod start på 2010","213.236.226.3",0
239,"2010-01-09 18:08:56","Erik","Grattis med kjempe bra kjøring.","87.248.28.135",0
238,"2010-01-09 15:25:32","tools askim","gratulerer med  2 plass i gruppa og 3 totalt.\nnå må dere stå på videre..\nhjem i varmen slik at dere holder dere friske......","83.109.193.74",0
237,"2010-01-09 10:34:48","Silje","Grattis gutter.. Kjempe spennende med sekundstrid med Andreas..\nDet viser at dere henger med helt i toppen.\nSyn på ss 6 da:)\n\nKlem","90.149.47.61",0
236,"2010-01-09 09:58:43","Bakken","Gratulerer med 2 i gr n og 3 total.\n\n\n  Flinke gutter..   :-)","83.108.224.217",0
235,"2010-01-09 05:54:16","Silje","stå på videre","90.149.47.61",0
234,"2010-01-08 08:10:06","Nissefar på Kypros","PC er klar kl 09 i morgen, og jeg med (til tross for sol og 20 varmegrader ute om dagen). Spent på &quot;formen&quot; deres nå mot de beste. Tror 2010 blir deres. Lykke til!","195.14.142.65",0
233,"2010-01-08 03:13:35","Lars Erik","Lykke til i helgen!\n\nFullt fokus fra start, så kan dette bli bra!","217.144.254.158",0
232,"2010-01-07 17:50:25","Bakken","Lykke til i sigdal......","83.108.224.217",0
231,"2010-01-07 17:23:21","Rune","Lykketil  på Sigdalsrally i helga!","80.213.199.136",0
230,"2010-01-07 08:39:42","Karin, Ski","Dere viste konkurentene hva dere er god for på romjulsrally..\nJeg gleder meg til fortsettelsen...\nLykke til alle sammen.....","90.149.47.61",0
229,"2010-01-07 07:20:29","R.E.   Ski","Godt Nyttår !\n\n  Ny sesong og nye muligheter  !\n\n   Lykke til hele teamet på første NM runde  2010  !!!!!!!!","77.18.64.172",0
228,"2010-01-05 14:13:08","tools askim","hei\nlykke til i sigdalsrally.\nvi krysser fingre og håper at dere finner flyten fra start slik  som\ni romjulsrallyet.\ndenne gang skal vi  følge med på rally radio på nettet .\nwww.rallynm.no\nsatser på og få med oss noen løp &quot;live&quot;\ndet er sikkert forbigående , men terminlista deres\n fører til 2009 sesongen.","83.109.193.74",0
227,"2010-01-05 10:39:21","Silje","Masse lykke til i Sigdalsrally!!\n\nKlem","90.149.47.61",0
226,"2009-12-31 08:13:04","Roger Eilertsen","Hei hei.... Vil takke for all støtte og gratulasjoner fra alle brukere av\ngjesteboka.\nGodt Nytt År alle sammen!!!!!\n\nMvh Roger","88.88.82.17",0
225,"2009-12-29 18:47:46","Rune","Gratulerer masse med seier i romjulsrally. dette fortjente dere...\nBlir morro og følge dere i 2010 sesongen, Lykketil videre.","88.89.102.158",0
224,"2009-12-29 13:51:04","Lars Erik","Gratulerer med seieren til hele teamet!","90.149.9.104",0
223,"2009-12-29 13:35:41","tools askim","gratulerer med  seieren .\nnå er det bare  og holde koken utover i 2010 sesongen.","83.109.193.74",0
222,"2009-12-29 13:15:45","Silje","Jada:P\nTools rallyteam består...\nSuper oppladning til sesongen. Var gøy å oppleve totalt seier i kulda:)\n\n\nKlem","90.149.47.61",0
221,"2009-12-29 12:07:43","Bjørnar","Gratulerer!!!","90.149.9.104",0
220,"2009-12-29 11:57:58","Erik","Gratulerer med totalseier.","82.148.172.50",0
219,"2009-12-29 08:30:00","Nissen","Gratulerer med totalseier , ikke all verden av konkurranse på slutten, men dere er i rute!","90.149.9.104",0
218,"2009-12-28 14:29:06","R.Eilertsen Ski","Lykke til med Romjulsrally !\n\nVi er i løypa !","90.149.47.61",0
217,"2009-12-28 13:54:23","Roar","Lykke til i morgen!","90.149.9.104",0
216,"2009-12-21 11:34:52","tools askim","vil bare ønske alle i tools rallyteam\nog leserene av gjesteboka  en riktig god jul og et godt nyttår.\nvil også ønske dere lykke til i  sesongens siste løp\nog ikke minst i 2010 sesongen.\nhåper det blir et gullår det hadde dere fortjent hele gjengen.","83.109.193.74",0
215,"2009-12-09 01:18:52","Sveinung","Hei Tore!\n\nVi kjører Romjulsrally. Gleder meg sinnsykt til å få konkurert igjen:-)","158.112.84.234",0
214,"2009-12-01 13:00:27","tools askim","hei skal dere delta i romjulsrally i år ?","83.109.193.74",0
213,"2009-11-19 11:50:40","tools askim","hei roger.\ngratulerer så mye...............håper alt står bra til ..................\ngi gass på fornebu gutter .vi kommer for og heie på dere\nog se på show , fart og spenning.","83.109.193.74",0
212,"2009-11-17 05:46:03","Silje","Hvilken bil skal du kjøre til helga???\nSkal det være md kartlesere???\n\n\n\n\n\nMVH. Silje:D","62.101.247.94",0
211,"2009-10-25 17:45:33","Tom-Erik Saatvedt","Hei. Kunne du bedt faren din ringe meg meg? har snakket med han tidligere om Ascona B motor som han hadde.\n\nPå forhånd takk.\n\nTom-Erik 92023111","80.202.62.100",0
210,"2009-10-20 07:16:57","Sveinung","...og Roger kom heller ikke i år på pallen i kartleser NM. Var så nær, så nær...:-)\n\nSveinung","158.112.84.234",0
209,"2009-10-20 07:15:01","Sveinung","Takk takk alle sammen!\n\nFeiring av NM bronse blir tradisjonen tro gjort med Julebord i November:-)\n\nDetaljene rundt neste år er ikke 100% klart ennå, men ser ut til å bli fullt fokus på NM gull for neste år i TOOLS bilen.\n\nJeg har blitt spurt om å være med på Solberg Extreme Show i november, og sa selvfølgelig JA til det :-) Kommer til å bli gromt!\nHvor billetter kjøpes veit jeg ikke, men syns å lese at www.bilnorge.no skal følge opp saken...\n\nMvh. Sveinung","158.112.84.234",0
208,"2009-10-14 14:03:59","tools askim","håper dere har hatt en fin feiring av mn medaljen.\nmeget bra etter en vanskelig sesong.\nser at det skal arrangeres et motorshow i telenor arena\n19-20/11.\nskal dere delta der.?\ner det noen som vet hvor det selges billetter ?\nhar dere lagt noen planer for hvilke løp dere kjører neste år?\nblir det noe vm løp ?","83.109.201.45",0
207,"2009-09-29 04:11:05","Silje","Gratulerer til hele teamet..\nDette var en avsluttning med stil.\nGratulerer så mye med 1. i klassen, 2. totalt og 3. i nm...\nHvordan gikk det med Roger i kartleser nm???\n\nTa en vel fortjent hvil mot neste sesong..","90.149.46.8",0
206,"2009-09-27 04:26:57","tools askim","vi vil gratulere hele teamet så mye med seier i gruppa og\n 2plass totalt på hedemarken.\n3 plass i nm er meget bra...\nhvordan gikk det i kartleser nm med roger ?\nvi gleder oss allerede til neste sesong.","83.109.201.45",0
205,"2009-09-26 18:53:39","Bakken","Grattis  med seieren. Dette var f...n meg bra kjørt.......","88.89.102.37",0
204,"2009-09-26 18:35:59","R.E. Ski","Gratulerer til hele teamet !!!\nFin avslutning på årets sesong.","77.18.6.226",0
203,"2009-09-26 15:31:07","Tor","Gratulerer med flott avslutning på sesongen!!","90.149.9.3",0
202,"2009-09-26 10:54:30","atle n","Gratulerer med seieren i klassen og 2 plassen totalt","62.141.128.59",0
201,"2009-09-26 10:14:20","hilsen fra Skjeberg","Gratulerer med dagens innsats :-)","80.213.191.25",0
200,"2009-09-25 15:07:17","Jon","Lykke til imorgen! Hold flatt over Gallis crest!!","90.149.9.3",0
199,"2009-09-24 14:42:33","Karin, Ski","Lykke til hele gjengen.....\nVI er i skogen og heier på dere nå også..\nVi håper på pallplass....","90.149.42.233",0
198,"2009-09-24 12:15:45","tools askim","takk for tips-vi sees på rally hedemarken\nvi satser på at du havner på pallen totalt.\nlykke til gutter.","83.109.201.45",0
197,"2009-09-23 15:53:48","Lars Erik","Gå inn på http://www.rally-hedemarken.no/info_ss og les beskrivelsene av ettappene samtidig som man sitter med oversikktskartet og beregner hvilke ettapper man rekker å få med seg.\nJeg ville gått for SS1-Service A-SS8, men det forutsetter at man ikke har vondt for å komme seg opp om morran...","90.149.8.141",0
196,"2009-09-23 01:18:21","Sveinung","Hei,\n\njeg har ikke vært ute som tilskuer på Rally Hedmarken siden 1998, så veit ikke stort om hvor det er bra å stå... Men rallyprogrammet som fås tak i på bensinstasjonene i nærheten burde vel hjelpe dere? Uansett, tøft at dere kommer oppover, og sørg for å komme innom på service! Vi ses!","158.112.84.234",0
195,"2009-09-18 00:28:42","tools askim","hei er det noen som har noen gode tips om hvor det er bra\nog stå under rally hedemarken ?\nhar ikke vært der før så fint om noen kan gi tips.\nlykke til til hele teamet.","64.28.22.4",0
193,"2009-09-14 14:07:52","tools askim","vi ønsker og vise vår medfølelse i forbinnelse med ulykken\ni rally larvik .\nbåde med pårørende og de involverte.\ndette preger alle de rally inntereserte.","83.109.201.39",0
194,"2009-09-14 14:07:52","tools askim","vi ønsker og vise vår medfølelse i forbinnelse med ulykken\ni rally larvik .\nbåde med pårørende og de involverte.\ndette preger alle de rally inntereserte.","83.109.201.39",0
191,"2009-08-14 05:43:45","Silje","Nå  må dere se å finne ut den motoren....\nHåper at det skjer fort som svint...\nNår dere har funnet ut av den må dere starte oppladinga mot\nLarvik","90.149.177.192",0
190,"2009-08-12 06:03:55","Sveinung","Hei til alle hos TOOLS Askim!\nPga. tv rettigheter i VM har vi ikke lov til å filme inboard på VM løpene på egenhånd. Derfor har vi desverre ingen film å legge ut...\nRygg å nakke begynner å bli 100% igjen nå. Faktisk fikk jeg en liten hjernerystelse også, men alt gror seg til igjen:-)","158.112.84.234",0
187,"2009-08-06 14:47:10","tools askim","bra bilder av hoppet i finland.\nkunne dere ikke legge ut innboard film av hoppet på siden deres.\nhåper rygg og nakke ikke er kranglete lenger.\nlykke til videre i nm.","83.109.195.154",0
186,"2009-08-01 12:04:00","tools askim","stå på gutter.nye muligheter i morgen.\ndette året er trening, neste år er det fult kjør.\nlykke til videre i finland og videre i nm.vi følger med.l","81.234.45.59",0
185,"2009-08-01 06:33:00","Lars Erik","Synd med buklandingen. Men imorgen kommer en ny dag; flat out!","193.216.60.217",0
184,"2009-07-31 02:40:58","Erik B","Lykke til i Finland, gi gass gutta.","194.248.70.20",0
183,"2009-07-30 16:25:14","odd","LYKKE TIL I FINLAND","62.97.169.253",0
182,"2009-07-30 15:57:55","Harald","Bra start! Prøv å klem deg foran Kimi, så kanskje du får kjøre litt luftigere racerbil til neste sesong...","193.216.60.217",0
181,"2009-07-29 16:01:34","Atle N","Lykke til i Finland. Blir spennende å følge med.","62.141.128.59",0
180,"2009-07-28 15:52:37","R. Eilertsen i Finland","Hei..nå er vi klare til å heie dere frem i de finske skoger!\nVi ønsker hele Tools teamet lykke til....","77.18.12.146",0
179,"2009-07-28 01:32:57","tools askim","vi ønsker lykke til i rally finland.","64.28.22.4",0
178,"2009-07-27 09:08:06","Morra til Aarmo","Linken til Oil Rally Finland er feil under\nNeste løp: (kommer til Rally Trøgstad)\n\nFor oss som liker å følge med er det fint om den er riktig:-)\nEllers lykke til !!","193.34.40.30",0
177,"2009-07-26 14:59:09","Eva","Lykke til i Finland!\n\nBlir spennende å følge med!","193.216.60.217",0
176,"2009-07-25 04:12:12","Silje","Masse lykke til i Finland....","90.149.195.128",0
175,"2009-07-24 17:29:43","Bakken","Lykke til i finland...\n\nPass på guttungen   :-)","88.89.86.191",0
174,"2009-07-23 13:38:44","Rune","Lykke til i Finland.","88.90.153.107",0
172,"2009-07-22 18:43:17","R.Eilertsen  Ski","Mye jobbing og forberedelser før  VM  start....\nBlir spennende !\n\nLYKKE TIL !!!!\n\nHilsen fra Ski","77.18.7.93",0
173,"2009-07-22 18:43:17","R.Eilertsen  Ski","Mye jobbing og forberedelser før  VM  start....\nBlir spennende !\n\nLYKKE TIL !!!!\n\nHilsen fra Ski","77.18.7.93",0
171,"2009-07-16 17:32:09","Sveinung","Takk for det Emil!\nHusker godt duellene vi hadde i Sverige når vi kjørte Utbildningsrally. Det var hur kul som helst:-) Lykke til videre du og!","85.164.12.197",0
170,"2009-06-23 04:51:05","Emil Tigerberg","Lycka till i Finland! Det är kul och följa din framfart.\n\nMvh\nEmil - konkurrenten från utbildningsrally- tiden i Sverige","195.33.27.172",0
169,"2009-06-21 14:05:55","tools askim","gratulerer med seieren og 2 plass sammenlagt i\nrally trøgstad.\nvil også takke for besøket 19/6-09","83.109.198.123",0
168,"2009-06-20 01:31:02","Tor","Lyke til i dag!","193.217.46.250",0
167,"2009-06-06 19:46:02","R.Eilertsen","Grattis gutter!!!\n\nhilsen fra Ski","85.164.1.197",0
166,"2009-06-06 01:49:24","tore","lykke til i helgen","83.109.193.22",0
165,"2009-06-05 16:05:13","Karin, Ski","Lykke til i helgen til dere alle...","90.149.181.154",0
164,"2009-05-16 19:17:35","bakken","Grattis........","88.88.156.55",0
163,"2009-05-16 17:07:06","R.E Ski","Gratulerer gutter!!!!\n7 lag med rævnetting i dekka gjør seg!!!!!","90.149.198.211",0
162,"2009-05-16 13:35:45","Silje","Kjempe bra kjørt:) dere kom dere bra på slutten... Grattis med 2 plassen","212.17.144.230",0
161,"2009-05-15 17:30:02","Silje","Hei:) så som jeg skjønner det ser det ut til at dere ligger på tredje i klassen.. Kjempe bra:) lykke til videre..\nRett på meg hvis dette ikke stemmer...","212.17.144.230",0
160,"2009-05-15 02:21:08","Lars Erik","Lykke til i helgen!","217.144.254.158",0
159,"2009-05-14 16:05:42","R.E Ski","Håper alle justeringer og tester vil få dere på god gli i Sverige\n\nGod punkteringsfri helg ! Hele Teamet !","90.149.198.211",0
158,"2009-05-07 07:21:34","Sveinung","Hei Tore!\n\nKan se ut som det har sneket seg inn en feil i terminlisten på denne siden. Riktig dato er 20. juni. Skal få rettet det opp:-)","158.112.84.234",0
157,"2009-05-03 16:00:18","Silje","Synd at det ikke gikk deres vei i helga.. Men, sånn er det. Dere kjørte dere bra opp. . Viser at dere ikke gir opp etter litt  motgang det er bra.. .","212.17.144.230",0
156,"2009-04-29 12:01:25","morten b e","lykke til på rally sørlandet !!!!!!!!!!!!!!!!!!","148.83.132.188",0
155,"2009-04-28 13:09:27","tore","hei\nlykke til på sørlandet......\nlurer på hva som er riktig dato for rally trøgstad.\ndet står 19 september på deres term.liste , men på norsk-rally.com\nstår det 20 juni. det pleier og være i sept.noen som vet.....","83.109.199.34",0
154,"2009-04-28 04:19:18","R.E Ski","Rally sørlandet !\n\nNå er vi klare !\n\n NM poeng ??\n\nLykke til !!!","90.149.197.116",0
153,"2009-04-27 12:06:02","Karin","Lykke til på fredag og lørdag på Sørlandet.....\nVi heier på dere ett sted ute i løypa....","90.149.197.116",0
152,"2009-04-14 09:10:47","Ondra","Good afternoon,\n\nMy name is Ondra and I am from the Czech Republic.I´m collector. I want to ask you if you\ncould send me autograph card of your crew (with signature if it is\npossible) to my address. Also older and at more pieces, please.\nThank you in advance\n\nRegards,\nOnd&,345;ej Kraj&,269;a\n\nMy postal address:\nOnd&,345;ej Kraj&,269;a\nRybní 628\n378 33 Nová Byst&,345;ice\nCzech republic\n\nthanks, thanks, thanks....","88.101.129.15",0
151,"2009-04-09 03:45:52","Rune","Lykketil på test i påsken..","88.89.129.38",0
150,"2009-03-13 14:01:17","Kommentator","Jeg ANTE ikke at TOOLS hadde ett rallyteam!\n(PS! jeg heter kommentator fordi jeg var det i 123spill, men kun da som &quot;gjest&quot;","85.164.154.254",0
149,"2009-03-09 06:58:34","Stian Hjemmen","Gratulerer med kjempeinnsats! Neste runde håper vi se deg øverst på pallen!\nStå på videre!!!","194.22.18.57",0
148,"2009-03-08 07:44:42","Silje","Grattis med tredje plass i Numedalsrally...\nDet var super stemmning i telte også.. Så ut som dere kosa dere..\n\n\n\n\nKlem","90.149.15.197",0
147,"2009-03-08 07:43:48","Silje","","90.149.15.197",0
146,"2009-03-06 13:38:41","Rune","lykketil i numedalsrally.....","88.90.214.209",0
145,"2009-03-06 09:25:56","bakken","Lykke til i helgen alle sammen.......","85.164.10.237",0
144,"2009-03-06 07:21:24","Lars Erik","Lykke til i helga!\n\nHåper dere finner flyten fra Rally Norway, stå på alle sammen!","217.144.254.158",0
143,"2009-03-05 18:34:50","R.E  Ski","Numedalen neste !         Lykke til videre i NM hele Teamet..","90.149.15.197",0
142,"2009-02-16 16:38:41","Bieltvedt på Eidsvoll (og Hamar)","Gratulerer med en strålende avslutning på Rally Norway!\n\nEtter service på lørdag (som jeg hadde gleden av å følge med på) gikk det jo meget bra. Pallplass er definitivt innenfor rekkevidde.\nFikk også med meg SS20 Budor 1 (i tillegg til siste transportetappe). I det tekniske partiet på Ruskåsen, hvor jeg sto, så det meget bra ut.\n\nLykke til videre og hils familien!","77.16.61.53",0
141,"2009-02-15 18:40:03","Bakken","Grattis med god innsats i Rally norway\n\nAvslutta med stil,stå på videre......\n\nLykke til videre, sett dem på plass i nm nå","85.164.10.237",0
140,"2009-02-15 17:30:12","Martin Dahl","Grattis med meget bra innsats i Rally Norway. De siste 3 var jo helt verst :) Skal tydeligvis ikke stå på kondisen...\n\nLykke til i resten av sesongen, Det kan jo bli riktig så artig hvis dere unngår mer trøbbel...","84.247.179.78",0
139,"2009-02-15 15:07:02","Rune","Gratulerer med gjenomført Rally Norway.\nVeldig synd det ikke ble den beste starten, men dere har imponert veldig\npå den siste delen av rallyet. Da fikk dere bevist at dere er med helt i verdenstoppen når ting går som dere vil. flere 2.plasser og en etappe seier er\njo HELT VÆRST!!  Service gutta har  også hatt sitt og drive med i helga. Gratulerer til hele TOOLS Rallyteam.","88.90.214.209",0
138,"2009-02-13 08:57:12","Gutta fra FLO.","Skjerpings. Vi trenger resultater.\n\nKjør som F.\n\nDokk 1,2,3,5 og NDI.","158.112.84.234",0
137,"2009-02-13 05:17:11","R.E","VM runder nå !\n\nLykke til for hele Teamet","213.236.226.3",0
136,"2009-02-12 15:17:37","Rune","ØNSKER HELE TOOLSRALLYTEAM LYKKE TIL UNDER\nRALLY NORWAY\n\n\nGleder meg til og dra opp og heie på dere i helga...\nDetta blir gromt....","88.90.214.209",0
135,"2009-02-11 03:16:42","Stian","Nå får jeg snart ikke gjort noe annet enn å glede meg til helgen. Det blir SYKT spennende å følge Tools Rallyteam!\nGrattis med Petter på laget Sveinung!\nHåper dere begge viser hvor skapet skal stå i helgen.\n\nTar deg gjerne imot som topp 10 totalt på SS23 Budor søndag!\n\nStå på videre!!!\n\nStian Hjemmen","194.22.18.57",0
134,"2009-02-10 14:03:20","Silje:)","Hei!\nGrattis med &quot;rally-fadder&quot; og samarbeidet med Petter.  Gleder meg kjempe, kjempe masse til Rally Norway til helga.\nDere får gi bånn gass og kjøre som bare f......... Vi følger med og veiver med flagg og plakater et sted i skauen. Håper på en tur til service også..\n\nMasse, massse lykke til.. Hold dere friske og raske og hold fokus.\n\n\nKlem","89.8.136.123",0
133,"2009-02-10 07:33:24","Bakken","ØNSKER HELE TOOLSRALLYTEAM LYKKE TIL UNDER\nRALLY NORWAY\n\nSTRAM WIRE.........\n\n\nHILSEN BAKKEN","85.164.8.34",0
132,"2009-02-10 04:11:07","Karin","Lykke til under Rally Norway til hele teamet......\nMåtte samarbeidet med Petter bære frukter nå til helgen...\nDrikk tran og spis hvitløk Sveinung, syk kan du ikke bli nå..\nVi heier dere fram fra skogen ett sted til helgen.........","90.149.15.197",0
131,"2009-02-10 03:24:42","morten andre magnussen   spydeberg","hei jeg vil gratulerer dere med nye biler og ønsker deg og petter solberg  lyke til med kjøringa stå på  dere komer til å vine 1 plas og 2 plas","83.109.57.35",0
130,"2009-02-09 07:37:30","Morten B.E Ski","hei.......!\nnå er det snart rally igjen så dere får ha lykke til og kjøre godt.\n,Håper det går bedre her enn i hadeland.\n\nkjør som fanken\nlykke til   !!!!!!!!!!!!!!","148.83.132.188",0
129,"2009-02-08 12:44:01","Kyprioten","Ja nå går dere inn i VM uken. Dette blir en spennende uke både for dere og  oss bak PC'n. Håper helsa er i orden igjen. Snø er det vel nok av skjønner jeg. Lite av det her. 20 pluss om dagen. Lykke til alle sammen! Jeg følger med.\n\nErlend","213.7.100.235",0
128,"2009-02-06 02:56:51","Stian Hjemmen","Lykke til i Rally Norway Sveinung. Vi gleder oss til å følge deg igjennom skogen! Stå på videre!! :-)","194.22.18.57",0
127,"2009-01-25 16:22:06","R.E: Ski","Takker for en snøfyllt NM runde...  Ut fra formen til fører og\nværet, gikk det vel greit...\n\nStå på !","90.149.15.197",0
126,"2009-01-23 13:34:42","Kari og Tor","Lykke til imorgen! Håper det går bra, selvom du har influensa...","193.216.158.156",0
125,"2009-01-22 14:05:41","Silje","Dere får holde alle basiliskker unna og komme dere i kjøreform.\nResten av teamet får ha skrutrekker og hansker klare. I helga SKAL dere gi bånn gass:) Gleder meg til å følge dere i skauen...\n\n\nLukke til på lørdag!!!\n\nKlem","90.149.15.197",0
124,"2009-01-22 14:00:45","Karin","Lykke til i helgen til hele Rallyteamet....vi er med dere i skogen......jeg gleder meg til å se dere gi full gass......","90.149.15.197",0
123,"2009-01-21 16:10:10","morten","lykke til denne sesongen\nKJør som fanken !!!","148.83.132.188",0
122,"2009-01-21 14:47:14","R.E  Ski","Ny runde til helga! Lykke til alle sammen.\n\nSveinung, få i deg Møller`s Tran.... Har ikke tid til influensa nå.","90.149.15.197",0
121,"2009-01-10 07:33:26","Gutta i Thailand","Stå på Sveinung! Vi følger med på nettet vi også. 35 grader ute og 26 i vannet. Så det er deilig med en del innlagte internett-pauser i dag. Du får ta Mikkel på de to siste SS,. Good luck!\n\nAsle hilser også.\n\nErlend","125.27.165.218",0
120,"2009-01-10 01:37:31","Kari og Tor","Lykke til i helga! Gi full gass og sank så mye poeng som mulig! Vi skal følge med på nettet og heie på dere!","193.216.158.156",0
119,"2009-01-09 15:00:07","Silje","Hei!!\n\nØnsker dere masse lykke til i den 1. NM runden i ett nytt og bedre år... Dere får sta på og trå til sikkelig..\n\nKlem","90.149.15.197",0
118,"2009-01-06 15:38:40","Karin","Lykke til til dere alle i teamet  til Sveinung.....måtte dette gå bra, vi er med dere i tankene....","90.149.15.197",0
117,"2009-01-06 14:50:30","R.E. Ski","Ønsker dere lykke til med Nm runde nr.1 2009.","213.236.226.3",0
116,"2008-12-28 13:48:18","Silje","Hei!!!\n\nNå er det testing og små justering og enda mer testing som teller... I år slår dere Martin ned i sporet.....\nLykke til i sesongen 2009... Håper på mange spennende nm-runder med den nye subaruen..\n\n\nKlem","90.149.15.197",0
115,"2008-11-15 18:44:49","bakken","HOLD KIM LANGT UNNA DEN SJEKKEN........","85.164.25.116",0
114,"2008-10-25 18:47:07","R. Eilertsen.","Spennende og følge med dere i Østerrike.. Ivrige karer med\nnå enda mere erfaring....  Stå på !","213.236.226.3",0
113,"2008-10-25 17:27:50","Fra Skjeberg","Har fulgt med for å se hvordan det går med dere.\nDet har vært spennende. Håper alt er bra med alle gutta.\n\nHilsen morra til Aarmo","80.212.252.89",0
112,"2008-10-25 03:26:25","Ingjerd Ausland","Hei OLE Gunhard\n\n Vi følger med og ønsker lykke til videre ! Dette blir\n spennende !  PS! Bare si fra hvis dere skal ha flyttet en bil ! Hils alle !Hilsen mamma og pappa.","85.164.8.192",0
111,"2008-10-25 02:53:32","Gei","Lykke til i dag, hadde vært utrolig morsomt om du dro i land dette!!!","193.216.158.87",0
110,"2008-10-07 06:50:13","Vigdis, eller kanskje bedre kjent som Hjørdis :p","Ja, dette så jo ut som en liten hobby du hade :p\nFete bilder, ser kjempe spennende ut","85.164.10.30",0
109,"2008-10-01 08:14:12","Vidar","Synd at gullet glapp, du ville vært en verdig vinner!\n\nLykke til i Østerike, gi alt du har!","217.144.254.158",0
108,"2008-09-30 18:29:22","Martin Dahl","Grattis med kjempesesong.\n2. plass i første sesong er knallsterkt, og dere har bevist flere ganger at dere hører hjemme i toppen.\nHa det kult i Østerrike, og lykke til i 2009 sesongen","84.247.179.121",0
107,"2008-09-29 13:39:10","Karin","Etter å nært ute i skogen &quot;med dere&quot; de to siste rundene var spenningen over...dere fikk en suveren 2. plass..grarulerer så masse med 2. plassen. You are the champion......lykke til i Østerrike!","213.236.226.3",0
106,"2008-09-28 07:54:45","R. Eilertsen. Ski","Gratulerer med en knall 2008 sesong  !\n\nMoro å følge med på dere i skogen.....\n\nNesa mot Østerrike .    Lykke til !","90.149.194.1",0
105,"2008-09-27 13:22:47","Kyprioten","Gratulerer med sølvet! (Har hørt på rallyradio og fulg med på nettet i hele dag,så det er ingen sak å være på andre breddegrader nei.)\nDet å følge Martin til døra  er bra i første sesong i 4wd. Nå får du rette fokud mor Shoot out'n.\nAlle i teamet fortjener cognac i dag. Ikke gjør Hamar utrygg i kveld.","213.7.103.87",0
104,"2008-09-27 10:55:55","BAKKEN","GRATULERER MED EN KJEMPESESONG......\n\n (dere er kanskje litt skuffa nå ?)\n\n Det har dere ingen grunn til dette er en kjempeprestasjon\n til og være første året  gr.n\n\n Lykke til i østerike.....","85.164.9.35",0
103,"2008-09-26 17:53:03","BAKKEN","KRYSSER FINGRE OG TÆR.\n\n  DRA  NM I GR.N  TIL FOLLO  IGJEN.....\n\n   LYKKE TIL GUTTER","85.164.9.35",0
102,"2008-09-26 01:53:29","Kyprioten","Ønsker dere lykke til i helgen. Har akkurat fått innstallert bredbånd i leiligheten min her nede, så da blir det en evig vandring mellom swimmingpool og PC i morgen lørdag. LYKKE TIL!","81.4.151.218",0
101,"2008-09-24 14:24:51","R.Eilertsen. Ski","Snart Helg !        Siste runde i NM   !!!    Lykke til begge to !\n\nVi følger med i skogen..","213.236.226.3",0
100,"2008-09-10 07:03:45","Atle N","Grattis som deltaker i pirelli star drive. Lykke til..","85.89.230.141",0
99,"2008-09-08 17:02:53","Andreas Brøvig","Hvis dem hva du kan på Hedemarken Sveinung, så vinner du NM. Det unner jeg deg:)","84.48.188.94",0
98,"2008-09-08 06:48:08","Roger N","gratulerer med seier gutter!!!","194.248.70.2",0
97,"2008-09-07 13:06:39","Kypriot og reserve co driver.","Grattis! At dette skjer på asfalt er jeg imponert over. Det kan vel også bli en 2. plass på totallista. Det er vel lenge siden det har skjedd i en nm runde vil jeg tro. Tar du NM gull spanderer jeg flybillet til Kypros for en liten rallyferie etter sesongen.","80.202.132.94",0
96,"2008-09-06 16:10:47","Ivar Frode","Kjempebra Gutter!!!!\nDere er fantastidke, NAF Øvre Østfold er stolte av dere.\nDere tar NM hjem på Hedemarken, da blir det feiring.","85.165.55.132",0
95,"2008-09-06 14:20:33","Lars Erik","Gratulerer gutter og resten av teamet!\n\nMorro at dere kan sparke fra dere på asfalt også!!","193.216.176.98",0
94,"2008-09-06 10:30:19","bakken","Grattis igjen.\n\n(alltid vært snakk om at ikke sub følger mitsu på asfalt men\ndere motbeviser dette med bra skrudd bil -god sjåfør og\nkartleser og mekanikere)\n\nDET ER FRA START TIL MÅL SOM GJELDER\n\n MORO OG FØLGE DERE","85.164.26.179",0
93,"2008-09-06 10:24:34","Atle Nikolaysen","Gratulerer med seier i klassen og 3 plassen totalt. Utrolig bra jobba.","62.141.128.59",0
92,"2008-09-05 10:15:57","Atle Nikolaysen","Lykke til i Larvik i morra..","62.141.128.59",0
91,"2008-09-04 21:44:32","R.Eilertsen. Ski","Lykke til i Larvik..\n\nKun 2 NM runder igjen og så nærme !\nDette blir spennende !","213.236.226.3",0
90,"2008-08-27 08:19:09","Sveinung","Bare hyggelig det Dag! Var ypperlig å få trent samtidig..!\nLykke til med bryllup'et:-)","85.164.5.35",0
89,"2008-08-19 05:20:10","Dag","Hei,\n\njeg vil bare takke for kjøreturen på lørdag. Det var dritbra..:)\n\nLykke til i Larvik!","193.71.65.5",0
88,"2008-06-11 11:38:48","morten","gratulerer med seieren , veldig bra kjørt . lykke til videre ::!!!!","148.83.128.14",0
87,"2008-06-10 15:24:51","Karin","Gratulerer så masse med seier i helgen.....endelig var det deres tur..det er morro å følge dere..........","90.149.15.163",0
86,"2008-06-08 08:14:38","Thorleif","Hei og gratulerer til deg og hele teamet.\n2. plass totalt og A-seeding med N4 bil.\nHvor mange har fått til det før?","80.213.28.36",0
85,"2008-06-07 14:15:11","Kypros fareren","Grattis med 1. og garantert ikke siste seier i en NM runde 4wd. gruppe N.\nDu holdt et imponerende tempo og kjørstilen er lik en viss annen ener..","80.202.132.94",0
84,"2008-06-07 11:28:13","Bakken","Gratulerer  så mye. Imponerende gutter...","85.164.14.241",0
83,"2008-06-02 16:11:03","Nicklas Edvardsson","Hej //\n\nLycka till i helgen. Själv skall vi åka sm i Karlskrona. Har du samm\ntempo i helgen som du hade i SSR kommer det att gå bra.\n\nHa det //\n\nNicklas Edvardsson Co-Driver\nSubaru Swedish Dealer Team.","212.214.188.86",0
82,"2008-05-23 09:40:43","Tore Endsjø","Lykke til i Sverige i helgen!\nSitter limt til resultat siden på nettet og følger med.\nHåper det blir et vellykket rally på alle måter for dere!\n\nMvh\n\nTore","193.212.3.164",0
81,"2008-05-23 07:08:23","morten","Dette er bra kjør på leser bloggen så ofte jeg kan !!!!\ndere er det beste teamet jeg vet om ...Lykke til !!!!!!!!!!!!!!!","148.83.128.14",0
80,"2008-05-23 07:08:21","morten","Dette er bra kjør på leser bloggen så ofte jeg kan !!!!\ndere er det beste teamet jeg vet om ...Lykke til !!!!!!!!!!!!!!!","148.83.128.14",0
79,"2008-05-22 01:50:33","maleverkstede på kjeller F-!6","Vi ønsker deg lykke til i helgen , stå på hilsen alle lakkgutta.","158.112.84.234",0
78,"2008-05-19 13:11:11","morten","lykke til på south swedish rally til helgen . Dette går bra !!!!!!!!!!","148.83.128.14",0
77,"2008-05-12 14:19:31","Sveinung","Hei!\n\nDet eneste som er klart for neste sesong er at det blir kjøring og at bilen blir rød..:)","85.164.6.228",0
76,"2008-05-01 13:30:36","Arne B","Lykke til i helgen! Håper dere klår Stenshornet og de andre!\nSå foresten en Tools-bil av den nye typen i går. Skal du kjøre den nye cupen?","193.216.159.148",0
75,"2008-04-17 17:39:06","Sveinung","Jepp, han er veldig dyktig! :-)","85.164.6.228",0
74,"2008-04-16 09:24:39","Silje:P","Hei!\nKjempe bra start....\nDere kjører som noen griser:)\nDu har en dritflink kartleser:P Fettern min..........\n\n\nLykke til på neste løp","90.149.15.163",0
73,"2008-04-16 09:24:32","Silje:P","Hei!\nKjempe bra start....\nDere kjører som noen griser:)\nDu har en dritflink kartleser:P Fettern min..........\n\n\nLykke til på neste løp","90.149.15.163",0
72,"2008-04-16 09:23:45","Silje:P","Hei!\nKjempe bra start....\nDere kjører som noen griser:)\nDu har en dritflink kartleser:P Fettern min..........","90.149.15.163",0
71,"2008-04-15 06:01:40","Sveinung","Hei Helge,\n\nwebmaster jobber med å få en samkjøring av bloggen til Roger og meg som skal vises på hjemmesiden. Når det er oppe å går blir det diverse oppdateringer om hva som skjer i tillegg til nyhetene på siden:-)","158.112.84.234",0
70,"2008-04-11 04:56:31","Helge A. Pluggen","Tidligere hadda du Sveinungs hjørne.\nSavner den Sveinung.\nEllers må du ha lykke til på Sørlandet.","85.19.139.249",0
69,"2008-04-09 00:54:21","Sveinung","Takk for det, Erlend:-)\n\nEr godt i gang med forbredelsene, Inge. Grustestingen begynner i slutten av uke 16. Skal forsøke å ta Stenshorne å Co., men ingen av de har ligget på latsiden heller, så det blir tøft..\nHvis Brynhildsen stiller, tror jeg det er 4-5 vinnerkandidater i N4 på Sørlandet, med Stenshorne i spissen. Gleder meg sykt mye til å konkurrere igjen!!","158.112.84.234",0
68,"2008-04-08 11:16:09","Økonomidirektøren","Gratulerer med 23 års dagen i dag!","77.247.156.18",0
67,"2008-04-06 06:43:28","Inge Johansen","Hvordan går det med forberedelsene til grus-sesongen? Håper du gir Stenshorne skikkelig kamp til sommeren...\n\nLykke til!","193.216.159.148",0
66,"2008-03-07 12:42:10","Marius","Hælla :P\n\nEn sikkelig bra start på sesongen gutter :D\n\nTøft at dere kom til Ås VGS :P Bra lyd i Subaruen :P\n\nMvh Marius","88.90.145.166",0
65,"2008-03-04 16:04:45","bakken","Litt av et tempo gutter.Kult at noen klår stenshornet og kollevold","85.164.36.20",0
64,"2008-02-29 13:58:49","Willy og Camilla","Hei!\n\nGratulerer med utrolig bra start på sesongen så langt! Knall bra!\nLykke til med morgendagens løp!\nHåper du kjører fra dem alle.. :-)","89.8.63.142",0
63,"2008-02-29 05:37:43","MALEVERKSTEDET PÅ KJELLER  FLY -F-16.","Sender inn en hilsen til deg fra oss i maleravdelingen.\nLykke til. !!!","158.112.84.234",0
62,"2008-02-19 03:11:14","Økonomidirektøren","Grattis med flott resultat.\nRegner med at de eldres fan club gjorde sitt til at dette resultatet kom akkuart her. Også kan det jo være at du kan kjøre bil også.","77.247.156.18",0
61,"2008-02-17 15:13:33","Mats Lysen","Gratulerer med 2 plassen i helga.\nUtrolig bra kjørt!","80.213.219.149",0
60,"2008-02-16 10:34:15","Eivind","Flott andreplass! Bra det er noen som kan true de etablerte førerne i toppen!\nSynd med girkasse-problemene, lykke til videre!","193.216.159.148",0
59,"2008-02-13 08:28:41","morten","lykke til i helga på finnskogen !!!!!!!!!!!!!!!!!!","148.83.128.14",0
58,"2008-02-12 07:38:58","Kollega Per G.Eigum.","Det er vel ikke i tvil om at denne karen vet hva han driver med.Han er etter min mening et stort talent.Jeg tipper at denne karen får en plass på pallen i årets NM, rally Finnskog.","158.112.84.234",0
57,"2008-02-12 07:33:02","BERNHUS I SLALOMBAKKEN","Gratulerer med ny hjemmeside, ønsker deg lykke til i rallyfinskog,","158.112.84.234",0
56,"2008-01-15 11:37:07","morten","hei. jeg vil bare ønske lykke til denne sesongen","148.83.128.14",0
55,"2008-01-12 10:07:32","Lars B","GRATTIS SVEINUNG & CO !!\n\n1 Plass i SUBARU Cup sammenheng,\n3 plass i klassen, kun slått av Stenshornet og Brynhildsen\n10 plass totalt\n\nI Deres første NM løp, behold fokus og fortsett justeringer og\nfinpuss av teamet så går dette videre til det oppsatte målet..\n\nBRA JOBBET GUTTER.\n\nMvh\nLars","85.164.8.139",0
54,"2008-01-11 09:02:21","lena lysen","masse lykke til i helga:)","82.147.36.196",0
53,"2008-01-11 08:34:57","Lar Erik","Lykke til med første ordentlige løp! Sank så mange NM-poeng som mulig!","88.90.178.247",0
52,"2008-01-11 01:59:58","Tore","Vil med dette ønske dere begge lykke til på Gol i helga,\nmåtte det bli mye fart og spenning!\nOmstendighetene gjør det slik at jeg ikke har mulighet til å komme opp\npå fjellet å se på dere,men jeg kommer til å følge spent med på nettet.\n\nLykke til!!","193.212.3.164",0
51,"2007-11-12 15:23:43","Sveinung","Hei!\n\nOm ikke lenge blir neste års planer lagt frem. Mangler noen små detaljer før alt er på plass.","85.164.9.159",0
50,"2007-11-06 04:27:33","RS","Hva skjer 'a? Blir det Subaru'n til Stenshornet?","193.216.159.148",0
49,"2007-07-02 16:45:45","Fam: Bernhus i slalombakken.","Gratulerer med nok et NM GULL..dette er helt VÆRST....","85.165.82.70",0
48,"2007-07-02 07:26:44","Mats Lysen","Grattis med seier i NM:)","80.213.223.28",0
47,"2007-07-01 11:22:56","Lars Erik","Gratulerer så mye med NM-gull!!","193.216.177.173",0
46,"2007-07-01 09:14:13","Øyvind &quot;Tassen&quot; Braaten","Gratulerer så meget med NM-titlen! Gitt oss god fight gjennom hele sesongen.\nBein-tøff konkurrent som står på gassen til enhver tid men samtidig safer det inn til mål.\nVerdig vinner!\n\nNeste år blir ett knallhardt år så derfor håper jeg selvfølgelig på at du forholder deg i Fiesta til neste år for da er det ingen kjære mor ;-)\n\n\n\nUndertegnet Tassen!","88.88.215.0",0
45,"2007-06-30 15:46:42","Stor beundrer, 30. juni","Gratulerer med enda et NM-mesterskap ! Har fulgt deg helt fra starten som 16-åring i Sverige og er ordentlig imponert over dine prestasjoner. Håper bare at noen med ressurser ser det samme og er villige til å hjelpe deg videre. Lykke til !","85.164.26.112",0
44,"2007-06-10 05:51:32","Reserve-kartleser`n","Gratttis ! Helt rått. Ser frem til Trondheim 30.juni . Regner med at kartleserjobben der blir en ren sjarmøretappe","80.202.134.122",0
43,"2007-06-09 16:03:34","LEB","Gratulerer med seier og seeding!","193.216.106.252",0
42,"2006-12-18 11:53:19","Thorleif","Det var en kjempeopplevelse å få være en del av &quot;Team Bieltvedt&quot;. Allle forberedelser var ordnet på forhånd. Dette fristet til gjentakelse ;-)\n \n Innsatsen til team både i og rundt bilen fungerte perfekt! \n \n Erfaring og tempo er inne, nå er det bare flaks det står på.\n \n Lykke til videre.",\nN,0
41,"2006-12-04 09:45:57","Kristian P","Synd at dere brøt nå som det så ut til  å bli så bra. Tempoet har dere i allefall! Får håpe dere har bedre flaks til helga! ",\nN,0
40,"2006-12-03 12:59:51","AM","Dette var synd, men du har satt bra tider gjennom hele helgen! Stå på!",\nN,0
39,"2006-11-27 12:43:53","Jovi","Lykke til:) Alt bra her.",\nN,0
38,"2006-11-26 21:43:29","Rune","Gratulerer med alle &quot;tilskuddene&quot;...... hehehe \n God tur og lykketil i england.. ",\nN,0
37,"2006-11-19 12:45:35","Lars Erik","Gratulerer med Greta Molanders fond, motororganisasjonenes fond og bidraget fra Ford Motor Norge!!!",\nN,0
36,"2006-09-16 16:44:41","Sveinung","Til Bibliotekaren:\n Tatt av kvinnen er nå levert tilbake. De andre lydbøkene MÅ jeg bare høre en gang til...hehe..:-)",\nN,0
35,"2006-09-12 21:56:41","Anders Kjær","Hei.\n Gratulere så mye med NM-gullet!!\n Du vinner alt du skal første året du!!! hehe.. ;)",\nN,0
34,"2006-09-12 16:42:54","Hanne:)","Da er det i boks!:) Gratulerer så mye med nm-gullet!!! Kjempe gøy!!! Kjempe stolt av dere:)",\nN,0
33,"2006-09-10 17:24:11","Bibliotekaren","Hei lånetaker nr.586-jk (Sveinung Bieltvedt)\n \n Vi mangler 6 lydbøker på vårt  bibliotek.\n Du står som lånetaker på alle 6.\n Vi ser helst at du vennligst lever de på Ski bibliotek omgående.\n \n Følgende lydbøker mangler:\n \n -Tintin del1\n -Tintin del2\n -Tintin del3\n -Tatt av vinden\n -Tatt av kvinnen1\n -Tatt av kvinnen2 \n \n Men ellers håper jeg at det har vært en fin avkopling før løpene.\n \n Gratulerer gratulerer så veldig mye med NM tittelen.\n \n Mvh. Ski bibliotek.",\nN,0
32,"2006-08-21 03:48:30","Petter","HEI,\n \n Gratulerer med fin innsats, jeg er imponert over kjoeringen, husk at dette sannsynnligvis er det et av det vanskeligste loepne du kan delta i !\n mvh\n Petter Dogbox Fausko",\nN,0
31,"2006-08-11 11:37:32","Hanne:)","Nå er det ikke lenge igjen til Finland. Gleder meg, det blir spennende!!! Lykke til Lars og Sveinung:)",\nN,0
30,"2006-06-10 23:04:22","Roger","Hei hei... takker for en fin tur i skogen idag. resultatet blei ikke helt værs som de sier, men med tanke på oppladninga, med skruing til langt natt kvelden før. Og med et mål om og komme igjennom. Var det jo en grei gjennomkjøring til neste helg. Bare vent....  Når du får laga notene selv og får på nye hjul. Da skal vi vise alle andre bakhjula.. :)\n \n \n Du er trossalt dn beste sjåfør`n...\n \n Mvh Roger på utlån.. :)  ",\nN,0
29,"2006-05-08 21:17:36","Lars Erik","Gratulerer med seieren, Lars og Sveinung!!\n \n Utrolig bra kjørt, blir spennende og se om det blir seeding...",\nN,0
28,"2006-05-03 12:42:42","Hanne:)","Hei! Nå nærmer det seg Sørlandet. Det blir kjempe spennende, gleder meg!!! Lykke til Sveinung og Lars, blir spennende å se hvordan samarbeidet fungerer, nå får dere jo testet det ordentlig:) Lykke lykke til, jeg skal heie:) stor klem ",\nN,0
27,"2006-04-02 17:16:43","Rallye Sulinger Land","Do you like to drive the &quot;19. ADAC-Mobil-Pegasus-Rallye Sulinger Land&quot; in Northern Germany this year? The date is at 05./06 may 2006 and it is an asphalt-rally (5% gravel).\n  \n We have a raid for the German ADAC-Rallye-Masters, German Junior-Cup, Suzuki-Rallye-Cup, Volvo-ORIGINAL-Cup Germany, Volvo-ORIGINAL-Cup Holland, Nordic-West-Euro-Cup (Volvo-Cup from Norway, Sweden, Germany, Holland), Youngtimer-Trophy, Historic-Rallye-Cup and many more cups.\n  \n In the last years we had competitiors from 8 nations at the start. Also many Volvo-drivers from Norway and Sweden. Last year we had 99 teams at the start.\n  \n For this year we have now 10 registrations for the rally.\n  \n All informations you can find on our homepage:\n  \n www.msg-sulingen.de\n  \n You must click on the green rally-label. Here you can find all informations about the rally. And under &quot;Downloads&quot; you can find the Invitation. This year you can invite ONLINE for the rally.\n  \n The starting-money for you is only 150,- Euro.\n  \n I hope you answer this eMail or we see you at our rally at 05./06. may 2006.\n  \n Thank you very much and best regards from Sulingen\n  \n Heinfried Leymann\n (press MSG Sulinger Land)",\nN,0
26,"2006-03-17 22:21:08","www.hansenogberntsen.net ","Grattis med bra kjøring hittil i sesongen, snakkes a. legger ut link til deg på hjemmesiden vår. Håper du gjør det også=)",\nN,0
25,"2006-03-13 17:26:56","Hanne:)","Hei! Gratulerer med en knall-start på sesongen. Kjempe gøy. Håper jeg får være med å se mest mulig (blir et nervevrak av å sitte hjemme når du kjører:). Lykke til videre, jeg skal heie på deg:)",\nN,0
24,"2006-03-06 11:44:22","Roger","Tar av meg hatten... Det gikk stygg fort ihelga. Den totalplasseringa står det respekt av. Lykke til vidre. Prates.",\nN,0
23,"2006-03-05 21:54:35","Astrid og Tor","Gratulerer med seieren!!!! Lykke til videre...",\nN,0
22,"2006-03-04 03:46:43","camilla og willy","gratulerer med seieren i rallynorway, knall bra..\n lykke til i numedal. vi skal nok hjelpe til nar vi kommer hjem. hilsen sol og sommer",\nN,0
21,"2006-01-30 16:54:28","Roger","Hei Sveinung. Vil bare takke masse for en utrolig lærerik og morsom rally helg. Du kan virkelig kjøre bil..!! Lykketil med sponsor jakt og rally norway..                                           ",\nN,0
20,"2006-01-18 11:05:37","Sveinung","Byggingen har gått greit selv om det har vært hektisk. Er ikke helt ferdig selv om første løpet er unnagjort. Satser på at alt er klart til Rally Norway. Der er kun seier godt nok..!",\nN,0
19,"2006-01-02 00:21:33","KH","Hei! Hvordan går det med byggingen av den nye bilen? Gleder meg til å se deg på skauen igjen.",\nN,0
18,"2005-11-29 22:01:04","Data nerden Furu","Jeg skal drekke dobbelt så mye akkevitt som deg Erlend uten og havne på subaru rommet.....(stkkars Eva)",\nN,0
17,"2005-10-10 14:30:42","Rigmor","Hei! Vil bare si gratulerer med seieren i cupen. Hilsen pensjonist fra Østfold som beundrer ditt talent!!",\nN,0
16,"2005-09-29 11:37:11","Sveinung","Hei, og takk for det!!\n Hva som skjer til neste år veit jeg ikke enda, men så fort noe er klart kommer det info på hjemmesiden.",\nN,0
15,"2005-09-25 19:26:06","TK","Gratulerer med Cup-seier!! Hva skjer til neste sesong?",\nN,0
14,"2005-09-20 19:06:12","rsrally.com","Hei Sveinung. Ville bare si at vi har nå linket til siden din, og vil med dette forhåpentligvis sende alle som er inne på våre sider over til deg en tur også..\n \n Lykke til på Rally Hedmarken, ønskes fra Team RSrally og  Team RSactive Support.",\nN,0
13,"2005-07-19 13:06:16","meg","Krysser fingerene for cupseier, lykke til ! Åssen ascona b er det snakk om her nede??",\nN,0
12,"2005-06-28 21:11:36","Finken","ELsker deg Sveinung... hehehe\n \n Lykke til videre i cupen i år..\n \n \n Kjøss...",\nN,0
11,"2005-06-15 19:26:43","RS-Rallysport","Hei hei..\n \n Ja da er du klar for Trønderlag. Vil ønske deg lykke til.\n Blir spennende og se hvor mye du kjører fra han engelsk mann med.. :-)\n \n Vi har som mål og ikke kjøre mer enn 10 sek saktere enn deg pr. km, så ikke kjør så altfor fort da.\n \n Motorsport hilsen Co-Driver`n",\nN,0
10,"2005-06-13 20:04:33","Jarle Granum.","Heisann!!! ser du kjører bra for tida.  følger med deg. ! Har en ascona b jeg skal selge. hvis du kjenner noen som skal begynne... skal ha meg en forhjulstrekker igjen... J Granum Drøbak. og lykke til for deg fremover!!!!!!",\nN,0
9,"2005-05-10 23:11:49","Inger Åse og Svein","Flott hjemmeside!\n Hilsen og gratulasjoner fra Aukra til dere begge . Innsatsen på Sørlandet var kjempeflott",\nN,0
8,"2005-05-09 08:24:02","sjefen","Gratulerer med en kjempe innsats på sørlandet..\n utrolig bra kjørt,helt suverent....\n lykketil videre i cupen..",\nN,0
7,"2005-03-12 09:36:39","Thorleif","Neste er Sørlandet. Et løp dere har gode erfaringer med. Lykke til.",\nN,0
6,"2005-03-02 10:32:39","Rallyfan","Gratulerer med seier i helgen og Lykke til videre i sesongen!",\nN,0
5,"2005-01-31 15:09:07","TG","Proff Hjemmeside! \n \n Lykke til med sesongen!",\nN,0
4,"2004-12-30 16:05:23","Andreas Brøvig","Lykke til i 2005 Sveinung! Håper du får orden på bilen din til Mountain Rally!:)",\nN,0
3,"2004-12-22 15:29:17","Stig Agard","Veldig bra side ja. Blir spennede å følge med dere videre.\n Lykke til !!!",\nN,0
2,"2004-12-22 12:53:30","Erlend ","Veldig bra side !",\nN,0
1,"2004-12-20 07:24:10","Webmaster","Bli den første til å skrive i gjesteboka!",\nN,0